Id,ActivityDate,DayOfActivity,TotalSteps,VeryActiveDistance,ModeratelyActiveDistance,LightActiveDistance,SedentaryActiveDistance,VeryActiveMinutes,FairlyActiveMinutes,LightlyActiveMinutes,SedentaryMinutes,Calories,TotalDistanceCalc
1503960366,4/12/2016,Thursday,13162,1.879999995,0.550000012,6.059999943,0,25,13,328,728,1985,8.49
1503960366,4/13/2016,Friday,10735,1.570000052,0.689999998,4.710000038,0,21,19,217,776,1797,6.97
1503960366,4/14/2016,Saturday,10460,2.440000057,0.400000006,3.910000086,0,30,11,181,1218,1776,6.75
1503960366,4/15/2016,Sunday,9762,2.140000105,1.25999999,2.829999924,0,29,34,209,726,1745,6.23
1503960366,4/16/2016,Monday,12669,2.710000038,0.409999996,5.039999962,0,36,10,221,773,1863,8.16
1503960366,4/17/2016,Tuesday,9705,3.190000057,0.779999971,2.50999999,0,38,20,164,539,1728,6.48
1503960366,4/18/2016,Wednesday,13019,3.25,0.639999986,4.710000038,0,42,16,233,1149,1921,8.6
1503960366,4/19/2016,Thursday,15506,3.529999971,1.320000052,5.03000021,0,50,31,264,775,2035,9.88
1503960366,4/20/2016,Friday,10544,1.960000038,0.479999989,4.239999771,0,28,12,205,818,1786,6.68
1503960366,4/21/2016,Saturday,9819,1.340000033,0.349999994,4.650000095,0,19,8,211,838,1775,6.34
1503960366,4/22/2016,Sunday,12764,4.760000229,1.120000005,2.24000001,0,66,27,130,1217,1827,8.12
1503960366,4/23/2016,Monday,14371,2.809999943,0.870000005,5.360000134,0,41,21,262,732,1949,9.04
1503960366,4/24/2016,Tuesday,10039,2.920000076,0.209999993,3.279999971,0,39,5,238,709,1788,6.41
1503960366,4/25/2016,Wednesday,15355,5.289999962,0.569999993,3.940000057,0,73,14,216,814,2013,9.8
1503960366,4/26/2016,Thursday,13755,2.329999924,0.920000017,5.539999962,0,31,23,279,833,1970,8.79
1503960366,4/27/2016,Friday,18134,6.400000095,0.409999996,5.409999847,0,78,11,243,1108,2159,12.22
1503960366,4/28/2016,Saturday,13154,3.539999962,1.159999967,3.789999962,0,48,28,189,782,1898,8.49
1503960366,4/29/2016,Sunday,11181,1.059999943,0.5,5.579999924,0,16,12,243,815,1837,7.14
1503960366,4/30/2016,Monday,14673,3.559999943,1.419999957,4.269999981,0,52,34,217,712,1947,9.25
1503960366,5/1/2016,Sunday,10602,2.289999962,1.600000024,2.920000076,0,33,35,246,730,1820,6.81
1503960366,5/2/2016,Monday,14727,3.210000038,0.569999993,5.920000076,0,41,15,277,798,2004,9.7
1503960366,5/3/2016,Tuesday,15103,3.730000019,1.049999952,4.880000114,0,50,24,254,816,1990,9.66
1503960366,5/4/2016,Wednesday,11100,2.460000038,0.870000005,3.819999933,0,36,22,203,1179,1819,7.15
1503960366,5/5/2016,Thursday,14070,2.920000076,1.080000043,4.880000114,0,45,24,250,857,1959,8.88
1503960366,5/6/2016,Friday,12159,1.970000029,0.25,5.809999943,0,24,6,289,754,1896,8.03
1503960366,5/7/2016,Saturday,11992,2.460000038,2.119999886,3.130000114,0,37,46,175,833,1821,7.71
1503960366,5/8/2016,Sunday,10060,3.529999971,0.319999993,2.730000019,0,44,8,203,574,1740,6.58
1503960366,5/9/2016,Monday,12022,3.450000048,0.529999971,3.74000001,0,46,11,206,835,1819,7.72
1503960366,5/10/2016,Tuesday,12207,3.349999905,1.159999967,3.25999999,0,46,31,214,746,1859,7.77
1503960366,5/11/2016,Wednesday,12770,2.559999943,1.00999999,4.550000191,0,36,23,251,669,1783,8.12
1503960366,5/12/2016,Thursday,0,0,0,0,0,0,0,0,1440,0,0
1624580081,4/12/2016,Thursday,8163,0,0,5.309999943,0,0,0,146,1294,1432,5.31
1624580081,4/13/2016,Friday,7007,0,0,4.550000191,0,0,0,148,1292,1411,4.55
1624580081,4/14/2016,Saturday,9107,0,0,5.909999847,0.01,0,0,236,1204,1572,5.92
1624580081,4/15/2016,Sunday,1510,0,0,0.970000029,0,0,0,96,1344,1344,0.97
1624580081,4/16/2016,Monday,5370,0,0,3.49000001,0,0,0,176,1264,1463,3.49
1624580081,4/17/2016,Tuesday,6175,1.029999971,1.519999981,1.49000001,0.01,15,22,127,1276,1554,4.05
1624580081,4/18/2016,Wednesday,10536,2.150000095,0.620000005,4.619999886,0.01,17,7,202,1214,1604,7.4
1624580081,4/19/2016,Thursday,2916,0,0,1.899999976,0,0,0,141,1299,1435,1.9
1624580081,4/20/2016,Friday,4974,0,0,3.230000019,0,0,0,151,1289,1446,3.23
1624580081,4/21/2016,Saturday,6349,0,0,4.110000134,0.02,0,0,186,1254,1467,4.13
1624580081,4/22/2016,Sunday,4026,0,0,2.599999905,0,0,0,199,1241,1470,2.6
1624580081,4/23/2016,Monday,8538,0,0,5.539999962,0.01,0,0,227,1213,1562,5.55
1624580081,4/24/2016,Tuesday,6076,1.149999976,0.910000026,1.889999986,0,16,18,185,1221,1617,3.95
1624580081,4/25/2016,Wednesday,6497,0,0,4.199999809,0.02,0,0,202,1238,1492,4.22
1624580081,4/26/2016,Thursday,2826,0,0,1.830000043,0.01,0,0,140,1300,1402,1.84
1624580081,4/27/2016,Friday,8367,1.110000014,1.870000005,2.460000038,0,17,36,154,1233,1670,5.44
1624580081,4/28/2016,Saturday,2759,0,0.200000003,1.600000024,0,0,5,115,1320,1401,1.8
1624580081,4/29/2016,Sunday,2390,0,0,1.549999952,0,0,0,150,1290,1404,1.55
1624580081,4/30/2016,Monday,6474,0.899999976,1.279999971,2.119999886,0.01,11,23,224,1182,1655,4.31
1624580081,5/1/2016,Sunday,36019,21.92000008,4.190000057,1.909999967,0.02,186,63,171,1020,2690,28.04
1624580081,5/2/2016,Monday,7155,0.860000014,0.589999974,3.470000029,0,7,6,166,1261,1497,4.92
1624580081,5/3/2016,Tuesday,2100,0,0,1.340000033,0.02,0,0,96,1344,1334,1.36
1624580081,5/4/2016,Wednesday,2193,0,0,1.419999957,0,0,0,118,1322,1368,1.42
1624580081,5/5/2016,Thursday,2470,0,0,1.580000043,0.02,0,0,117,1323,1370,1.6
1624580081,5/6/2016,Friday,1727,0,0,1.120000005,0.01,0,0,102,1338,1341,1.13
1624580081,5/7/2016,Saturday,2104,0,0,1.370000005,0,0,0,182,1258,1474,1.37
1624580081,5/8/2016,Sunday,3427,0,0,2.220000029,0,0,0,152,1288,1427,2.22
1624580081,5/9/2016,Monday,1732,0,0,1.129999995,0,0,0,91,1349,1328,1.13
1624580081,5/10/2016,Tuesday,2969,0,0,1.919999957,0.01,0,0,139,1301,1393,1.93
1624580081,5/11/2016,Wednesday,3134,0,0,2.039999962,0,0,0,112,1328,1359,2.04
1624580081,5/12/2016,Thursday,2971,0,0,1.919999957,0.01,0,0,107,890,1002,1.93
1644430081,4/12/2016,Thursday,10694,0.140000001,2.299999952,5.329999924,0,2,51,256,1131,3199,7.77
1644430081,4/13/2016,Friday,8001,2.279999971,0.899999976,2.640000105,0,30,16,135,1259,2902,5.82
1644430081,4/14/2016,Saturday,11037,0.360000014,2.559999943,5.099999905,0,5,58,252,1125,3226,8.02
1644430081,4/15/2016,Sunday,5263,0.219999999,0.150000006,3.450000048,0,3,4,170,1263,2750,3.82
1644430081,4/16/2016,Monday,15300,4.099999905,1.879999995,5.090000153,0,51,42,212,1135,3493,11.07
1644430081,4/17/2016,Tuesday,8757,2.25,0.569999993,3.549999952,0,29,13,186,1212,3011,6.37
1644430081,4/18/2016,Wednesday,7132,1.070000052,1.669999957,2.450000048,0,15,33,121,1271,2806,5.19
1644430081,4/19/2016,Thursday,11256,0.360000014,2.529999971,5.300000191,0,5,58,278,1099,3300,8.19
1644430081,4/20/2016,Friday,2436,0,0,1.75999999,0.01,0,0,125,1315,2430,1.77
1644430081,4/21/2016,Saturday,1223,0,0,0.879999995,0.01,0,0,38,1402,2140,0.89
1644430081,4/22/2016,Sunday,3673,0,0,2.660000086,0.01,0,0,86,1354,2344,2.67
1644430081,4/23/2016,Monday,6637,0,0.579999983,4.25,0,0,15,160,1265,2677,4.83
1644430081,4/24/2016,Tuesday,3321,0,0,2.410000086,0,0,0,89,1351,2413,2.41
1644430081,4/25/2016,Wednesday,3580,0.589999974,0.059999999,1.950000048,0,8,1,94,1337,2497,2.6
1644430081,4/26/2016,Thursday,9919,0.800000012,1.720000029,4.690000057,0,11,41,223,1165,3123,7.21
1644430081,4/27/2016,Friday,3032,0,0,2.200000048,0,0,0,118,1322,2489,2.2
1644430081,4/28/2016,Saturday,9405,0.200000003,2.319999933,4.309999943,0,3,53,227,1157,3108,6.83
1644430081,4/29/2016,Sunday,3176,0,0,2.309999943,0,0,0,120,1193,2498,2.31
1644430081,4/30/2016,Monday,18213,0.629999995,3.140000105,9.460000038,0,9,71,402,816,3846,13.23
1644430081,5/1/2016,Sunday,6132,0.239999995,0.99000001,3.230000019,0,3,24,146,908,2696,4.46
1644430081,5/2/2016,Monday,3758,0.07,0.310000002,2.349999905,0,1,7,148,682,2580,2.73
1644430081,5/3/2016,Tuesday,12850,0.720000029,4.090000153,4.539999962,0,10,94,221,1115,3324,9.35
1644430081,5/4/2016,Wednesday,2309,0,0,1.659999967,0.02,0,0,52,1388,2222,1.68
1644430081,5/5/2016,Thursday,4363,0.519999981,0.540000021,2.130000114,0.01,6,12,81,1341,2463,3.2
1644430081,5/6/2016,Friday,9787,0.819999993,0.270000011,6.010000229,0.02,11,6,369,1054,3328,7.12
1644430081,5/7/2016,Saturday,13372,3.25999999,0.790000021,5.670000076,0.01,41,17,243,1139,3404,9.73
1644430081,5/8/2016,Sunday,6724,0,0,4.880000114,0,0,0,295,991,2987,4.88
1644430081,5/9/2016,Monday,6643,2.390000105,0.349999994,2.089999914,0.01,32,6,303,1099,3008,4.84
1644430081,5/10/2016,Tuesday,9167,0.879999995,0.810000002,4.96999979,0.01,12,19,155,1254,2799,6.67
1644430081,5/11/2016,Wednesday,1329,0,0,0.949999988,0.01,0,0,49,713,1276,0.96
1844505072,4/12/2016,Thursday,6697,0,0,4.429999828,0,0,0,339,1101,2030,4.43
1844505072,4/13/2016,Friday,4929,0,0,3.25999999,0,0,0,248,1192,1860,3.26
1844505072,4/14/2016,Saturday,7937,0,0,5.230000019,0,0,0,373,843,2130,5.23
1844505072,4/15/2016,Sunday,3844,0,0,2.539999962,0,0,0,176,527,1725,2.54
1844505072,4/16/2016,Monday,3414,0,0,2.25999999,0,0,0,147,1293,1657,2.26
1844505072,4/17/2016,Tuesday,4525,0.140000001,0.25999999,2.589999914,0,2,8,199,1231,1793,2.99
1844505072,4/18/2016,Wednesday,4597,0,0.479999989,2.559999943,0,0,12,217,1211,1814,3.04
1844505072,4/19/2016,Thursday,197,0,0,0.129999995,0,0,0,10,1430,1366,0.13
1844505072,4/20/2016,Friday,8,0,0,0.01,0,0,0,1,1439,1349,0.01
1844505072,4/21/2016,Saturday,8054,0.119999997,0.519999981,4.679999828,0,2,13,308,1117,2062,5.32
1844505072,4/22/2016,Sunday,5372,0,0,3.549999952,0,0,0,220,1220,1827,3.55
1844505072,4/23/2016,Monday,3570,0,0,2.359999895,0,0,0,139,1301,1645,2.36
1844505072,4/24/2016,Tuesday,0,0,0,0,0,0,0,0,1440,1347,0
1844505072,4/25/2016,Wednesday,0,0,0,0,0,0,0,0,1440,1347,0
1844505072,4/26/2016,Thursday,0,0,0,0,0,0,0,0,1440,1347,0
1844505072,4/27/2016,Friday,4,0,0,0,0,0,0,1,1439,1348,0
1844505072,4/28/2016,Saturday,6907,0,0,4.559999943,0,0,0,302,1138,1992,4.56
1844505072,4/29/2016,Sunday,4920,0,0,3.25,0,0,0,247,1082,1856,3.25
1844505072,4/30/2016,Monday,4014,0,0,2.650000095,0,0,0,184,218,1763,2.65
1844505072,5/1/2016,Sunday,2573,0,0.25999999,1.450000048,0,0,7,75,585,1541,1.71
1844505072,5/2/2016,Monday,0,0,0,0,0,0,0,0,1440,1348,0
1844505072,5/3/2016,Tuesday,4059,0,0,2.680000067,0,0,0,184,1256,1742,2.68
1844505072,5/4/2016,Wednesday,2080,0,0,1.370000005,0,0,0,87,1353,1549,1.37
1844505072,5/5/2016,Thursday,2237,0,0,1.480000019,0,0,0,120,1320,1589,1.48
1844505072,5/6/2016,Friday,44,0,0,0.029999999,0,0,0,2,1438,1351,0.03
1844505072,5/7/2016,Saturday,0,0,0,0,0,0,0,0,1440,1347,0
1844505072,5/8/2016,Sunday,0,0,0,0,0,0,0,0,1440,1347,0
1844505072,5/9/2016,Monday,0,0,0,0,0,0,0,0,1440,1347,0
1844505072,5/10/2016,Tuesday,0,0,0,0,0,0,0,0,1440,1347,0
1844505072,5/11/2016,Wednesday,0,0,0,0,0,0,0,0,1440,1347,0
1844505072,5/12/2016,Thursday,0,0,0,0,0,0,0,0,711,665,0
1927972279,4/12/2016,Thursday,678,0,0,0.469999999,0,0,0,55,734,2220,0.47
1927972279,4/13/2016,Friday,356,0,0,0.25,0,0,0,32,986,2151,0.25
1927972279,4/14/2016,Saturday,2163,0,0.400000006,1.100000024,0,0,9,88,1292,2383,1.5
1927972279,4/15/2016,Sunday,980,0,0,0.680000007,0,0,0,51,941,2221,0.68
1927972279,4/16/2016,Monday,0,0,0,0,0,0,0,0,1440,2064,0
1927972279,4/17/2016,Tuesday,0,0,0,0,0,0,0,0,1440,2063,0
1927972279,4/18/2016,Wednesday,244,0,0,0.170000002,0,0,0,17,1423,2111,0.17
1927972279,4/19/2016,Thursday,0,0,0,0,0,0,0,0,1440,2063,0
1927972279,4/20/2016,Friday,0,0,0,0,0,0,0,0,1440,2063,0
1927972279,4/21/2016,Saturday,0,0,0,0,0,0,0,0,1440,2064,0
1927972279,4/22/2016,Sunday,149,0,0,0.100000001,0,0,0,10,1430,2093,0.1
1927972279,4/23/2016,Monday,2945,0,0,2.039999962,0,0,0,145,1295,2499,2.04
1927972279,4/24/2016,Tuesday,2090,0.07,0.239999995,1.139999986,0,1,6,75,1358,2324,1.45
1927972279,4/25/2016,Wednesday,152,0,0,0.109999999,0,0,0,12,1303,2100,0.11
1927972279,4/26/2016,Thursday,3761,0,0,2.599999905,0,0,0,192,1058,2638,2.6
1927972279,4/27/2016,Friday,0,0,0,0,0,0,0,0,1440,2063,0
1927972279,4/28/2016,Saturday,1675,0,0,1.159999967,0,0,0,95,1167,2351,1.16
1927972279,4/29/2016,Sunday,0,0,0,0,0,0,0,0,1440,2063,0
1927972279,4/30/2016,Monday,0,0,0,0,0,0,0,0,1440,2064,0
1927972279,5/1/2016,Sunday,2704,1.00999999,0.029999999,0.829999983,0,14,1,70,1355,2411,1.87
1927972279,5/2/2016,Monday,3790,1.159999967,0.300000012,1.159999967,0,16,8,94,1322,2505,2.62
1927972279,5/3/2016,Tuesday,1326,0.730000019,0,0.180000007,0,10,0,17,1413,2195,0.91
1927972279,5/4/2016,Wednesday,1786,0,0,1.24000001,0,0,0,87,1353,2338,1.24
1927972279,5/5/2016,Thursday,0,0,0,0,0,0,0,0,1440,2063,0
1927972279,5/6/2016,Friday,2091,0,0,1.450000048,0,0,0,108,1332,2383,1.45
1927972279,5/7/2016,Saturday,1510,0,0,1.039999962,0,0,0,48,1392,2229,1.04
1927972279,5/8/2016,Sunday,0,0,0,0,0,0,0,0,1440,2063,0
1927972279,5/9/2016,Monday,0,0,0,0,0,0,0,0,1440,2063,0
1927972279,5/10/2016,Tuesday,0,0,0,0,0,0,0,0,1440,2063,0
1927972279,5/11/2016,Wednesday,0,0,0,0,0,0,0,0,1440,2063,0
1927972279,5/12/2016,Thursday,0,0,0,0,0,0,0,0,966,1383,0
2022484408,4/12/2016,Thursday,11875,3.309999943,0.769999981,4.260000229,0,42,14,227,1157,2390,8.34
2022484408,4/13/2016,Friday,12024,2.99000001,0.100000001,5.409999847,0,43,5,292,1100,2601,8.5
2022484408,4/14/2016,Saturday,10690,2.480000019,0.209999993,4.820000172,0,32,3,257,1148,2312,7.51
2022484408,4/15/2016,Sunday,11034,1.940000057,0.310000002,5.78000021,0,27,9,282,1122,2525,8.03
2022484408,4/16/2016,Monday,10100,3.150000095,0.550000012,3.390000105,0,41,11,151,1237,2177,7.09
2022484408,4/17/2016,Tuesday,15112,3.869999886,0.660000026,6.880000114,0,28,29,331,1052,2782,11.41
2022484408,4/18/2016,Wednesday,14131,3.640000105,0.119999997,6.300000191,0,48,3,311,1078,2770,10.06
2022484408,4/19/2016,Thursday,11548,3.289999962,0.239999995,5,0,31,7,250,1152,2489,8.53
2022484408,4/20/2016,Friday,15112,3.339999914,1.929999948,5.400000095,0,48,63,276,1053,2897,10.67
2022484408,4/21/2016,Saturday,12453,3.329999924,1.110000014,4.309999943,0,104,53,255,1028,3158,8.75
2022484408,4/22/2016,Sunday,12954,4.429999828,0.419999987,4.46999979,0,52,10,273,1105,2638,9.32
2022484408,4/23/2016,Monday,6001,0,0,4.210000038,0,0,0,249,1191,2069,4.21
2022484408,4/24/2016,Tuesday,13481,4.550000191,1.149999976,4.579999924,0,37,26,216,1161,2529,10.28
2022484408,4/25/2016,Wednesday,11369,3.329999924,0.219999999,4.460000038,0,44,8,217,1171,2470,8.01
2022484408,4/26/2016,Thursday,10119,1.429999948,0.660000026,5.110000134,0,55,24,275,1086,2793,7.2
2022484408,4/27/2016,Friday,10159,1.039999962,0.970000029,5.119999886,0,19,20,282,1119,2463,7.13
2022484408,4/28/2016,Saturday,10140,0.409999996,1.330000043,5.389999866,0,6,20,291,1123,2296,7.13
2022484408,4/29/2016,Sunday,10245,0.479999989,1.210000038,5.5,0,21,40,281,1098,2611,7.19
2022484408,4/30/2016,Monday,18387,0.939999998,1.399999976,10.56999969,0,13,23,361,1043,2732,12.91
2022484408,5/1/2016,Sunday,10538,1.940000057,0.959999979,4.5,0,25,28,245,1142,2380,7.4
2022484408,5/2/2016,Monday,10379,2.609999895,0.340000004,4.329999924,0,36,8,277,1119,2473,7.28
2022484408,5/3/2016,Tuesday,12183,3.99000001,0.460000008,4.28000021,0,72,14,250,1104,2752,8.73
2022484408,5/4/2016,Wednesday,11768,2.50999999,0.930000007,4.849999905,0,36,27,272,1105,2649,8.29
2022484408,5/5/2016,Thursday,11895,2.789999962,0.860000014,4.699999809,0,55,20,253,1112,2609,8.35
2022484408,5/6/2016,Friday,10227,1.870000005,0.670000017,4.639999866,0,24,17,295,1104,2498,7.18
2022484408,5/7/2016,Saturday,6708,1.610000014,0.079999998,3.019999981,0,20,2,149,1269,1995,4.71
2022484408,5/8/2016,Sunday,3292,0,0,2.309999943,0,0,0,135,1305,1848,2.31
2022484408,5/9/2016,Monday,13379,2.119999886,1.629999995,5.639999866,0,35,47,297,1061,2709,9.39
2022484408,5/10/2016,Tuesday,12798,2.220000029,1.210000038,5.559999943,0,57,28,271,1084,2797,8.99
2022484408,5/11/2016,Wednesday,13272,4.179999828,1.149999976,3.99000001,0,58,25,224,1133,2544,9.32
2022484408,5/12/2016,Thursday,9117,1.279999971,0.670000017,4.440000057,0,16,16,236,728,1853,6.39
2026352035,4/12/2016,Thursday,4414,0.189999998,0.349999994,2.200000048,0,3,8,181,706,1459,2.74
2026352035,4/13/2016,Friday,4993,0,0,3.099999905,0,0,0,238,663,1521,3.1
2026352035,4/14/2016,Saturday,3335,0,0,2.049999952,0,0,0,197,653,1431,2.05
2026352035,4/15/2016,Sunday,3821,0,0,2.369999886,0,0,0,188,687,1444,2.37
2026352035,4/16/2016,Monday,2547,0,0,1.580000043,0,0,0,150,728,1373,1.58
2026352035,4/17/2016,Tuesday,838,0,0,0.519999981,0,0,0,60,1053,1214,0.52
2026352035,4/18/2016,Wednesday,3325,0,0,2.059999943,0,0,0,182,1062,1419,2.06
2026352035,4/19/2016,Thursday,2424,0,0,1.5,0,0,0,141,785,1356,1.5
2026352035,4/20/2016,Friday,7222,0,0,4.480000019,0,0,0,327,623,1667,4.48
2026352035,4/21/2016,Saturday,2467,0,0,1.529999971,0,0,0,153,749,1370,1.53
2026352035,4/22/2016,Sunday,2915,0,0,1.809999943,0,0,0,162,712,1399,1.81
2026352035,4/23/2016,Monday,12357,0,0,7.710000038,0,0,0,432,458,1916,7.71
2026352035,4/24/2016,Tuesday,3490,0,0,2.160000086,0,0,0,164,704,1401,2.16
2026352035,4/25/2016,Wednesday,6017,0,0,3.730000019,0,0,0,260,821,1576,3.73
2026352035,4/26/2016,Thursday,5933,0,0,3.680000067,0,0,0,288,1018,1595,3.68
2026352035,4/27/2016,Friday,6088,0,0,3.769999981,0,0,0,286,586,1593,3.77
2026352035,4/28/2016,Saturday,6375,0,0,3.950000048,0,0,0,331,626,1649,3.95
2026352035,4/29/2016,Sunday,7604,0,0,4.710000038,0,0,0,352,492,1692,4.71
2026352035,4/30/2016,Monday,4729,0,0,2.930000067,0,0,0,233,594,1506,2.93
2026352035,5/1/2016,Sunday,3609,0,0,2.279999971,0,0,0,191,716,1447,2.28
2026352035,5/2/2016,Monday,7018,0,0,4.349999905,0,0,0,355,716,1690,4.35
2026352035,5/3/2016,Tuesday,5992,0,0,3.720000029,0,0,0,304,981,1604,3.72
2026352035,5/4/2016,Wednesday,6564,0,0,4.070000172,0,0,0,345,530,1658,4.07
2026352035,5/5/2016,Thursday,12167,0,0,7.539999962,0,0,0,475,479,1926,7.54
2026352035,5/6/2016,Friday,8198,0,0,5.079999924,0,0,0,383,511,1736,5.08
2026352035,5/7/2016,Saturday,4193,0,0,2.599999905,0,0,0,229,665,1491,2.6
2026352035,5/8/2016,Sunday,5528,0,0,3.450000048,0,0,0,258,610,1555,3.45
2026352035,5/9/2016,Monday,10685,0,0,6.599999905,0,0,0,401,543,1869,6.6
2026352035,5/10/2016,Tuesday,254,0,0,0.159999996,0,0,0,17,1002,1141,0.16
2026352035,5/11/2016,Wednesday,8580,0,0,5.320000172,0,0,0,330,569,1698,5.32
2026352035,5/12/2016,Thursday,8891,0,0,5.510000229,0,0,0,343,330,1364,5.51
2320127002,4/12/2016,Thursday,10725,1.169999957,0.310000002,6.010000229,0,13,9,306,1112,2124,7.49
2320127002,4/13/2016,Friday,7275,0,0,4.900000095,0,0,0,335,1105,2003,4.9
2320127002,4/14/2016,Saturday,3973,0,0,2.680000067,0,0,0,191,1249,1696,2.68
2320127002,4/15/2016,Sunday,5205,0,0,3.50999999,0,0,0,245,1195,1801,3.51
2320127002,4/16/2016,Monday,5057,0,0,3.400000095,0,0,0,195,1245,1724,3.4
2320127002,4/17/2016,Tuesday,6198,0,0,4.179999828,0,0,0,249,1191,1852,4.18
2320127002,4/18/2016,Wednesday,6559,0,0.25999999,4.139999866,0,0,7,260,1173,1905,4.4
2320127002,4/19/2016,Thursday,5997,0,0.379999995,3.660000086,0,0,11,228,1201,1811,4.04
2320127002,4/20/2016,Friday,7192,0,0.49000001,4.340000153,0,0,11,283,1146,1922,4.83
2320127002,4/21/2016,Saturday,3404,0.059999999,0.419999987,1.809999943,0,1,10,127,1302,1610,2.29
2320127002,4/22/2016,Sunday,5583,0,0,3.75999999,0,0,0,266,1174,1851,3.76
2320127002,4/23/2016,Monday,5079,0,0,3.420000076,0,0,0,242,1129,1804,3.42
2320127002,4/24/2016,Tuesday,4165,0,0,2.799999952,0,0,0,204,1236,1725,2.8
2320127002,4/25/2016,Wednesday,3588,0.230000004,0.200000003,1.99000001,0,3,5,152,1280,1654,2.42
2320127002,4/26/2016,Thursday,3409,0,0,2.299999952,0,0,0,147,1293,1632,2.3
2320127002,4/27/2016,Friday,1715,0,0,1.159999967,0,0,0,82,1358,1481,1.16
2320127002,4/28/2016,Saturday,1532,0,0,1.029999971,0,0,0,76,1364,1473,1.03
2320127002,4/29/2016,Sunday,924,0,0,0.620000005,0,0,0,45,1395,1410,0.62
2320127002,4/30/2016,Monday,4571,0,0,3.069999933,0,0,0,234,1206,1779,3.07
2320127002,5/1/2016,Sunday,772,0,0,0.519999981,0,0,0,40,1400,1403,0.52
2320127002,5/2/2016,Monday,3634,0.360000014,0.209999993,1.879999995,0,5,6,123,1306,1613,2.45
2320127002,5/3/2016,Tuesday,7443,1.49000001,0.370000005,3.160000086,0,20,10,206,1204,1878,5.02
2320127002,5/4/2016,Wednesday,1201,0,0,0.810000002,0,0,0,52,1388,1426,0.81
2320127002,5/5/2016,Thursday,5202,0,0.389999986,3.109999895,0,0,11,223,1206,1780,3.5
2320127002,5/6/2016,Friday,4878,0,0,3.289999962,0,0,0,204,1236,1742,3.29
2320127002,5/7/2016,Saturday,7379,0,0,4.96999979,0,0,0,319,1121,1972,4.97
2320127002,5/8/2016,Sunday,5161,0,0,3.470000029,0,0,0,247,1193,1821,3.47
2320127002,5/9/2016,Monday,3090,0,0,2.079999924,0,0,0,145,1295,1630,2.08
2320127002,5/10/2016,Tuesday,6227,0,0,4.199999809,0,0,0,290,1150,1899,4.2
2320127002,5/11/2016,Wednesday,6424,0,0,4.329999924,0,0,0,300,1140,1903,4.33
2320127002,5/12/2016,Thursday,2661,0,0,1.789999962,0,0,0,128,830,1125,1.79
2347167796,4/12/2016,Thursday,10113,2,0.620000005,4.199999809,0,28,13,320,964,2344,6.82
2347167796,4/13/2016,Friday,10352,1.659999967,1.940000057,3.410000086,0,19,32,195,676,2038,7.01
2347167796,4/14/2016,Saturday,10129,0.02,2.74000001,3.940000057,0,1,48,206,705,2010,6.7
2347167796,4/15/2016,Sunday,10465,0.07,1.419999957,5.429999828,0,1,24,284,720,2133,6.92
2347167796,4/16/2016,Monday,22244,5.449999809,4.099999905,5.53000021,0,66,72,268,968,2670,15.08
2347167796,4/17/2016,Tuesday,5472,0.079999998,0.280000001,3.25999999,0,1,7,249,508,1882,3.62
2347167796,4/18/2016,Wednesday,8247,0.790000021,0.860000014,3.789999962,0,11,16,206,678,1944,5.44
2347167796,4/19/2016,Thursday,6711,0,0,4.440000057,0,0,7,382,648,2346,4.44
2347167796,4/20/2016,Friday,10999,0.680000007,1.809999943,4.78000021,0,11,43,269,1011,2198,7.27
2347167796,4/21/2016,Saturday,10080,1.850000024,1.529999971,3.380000114,0,23,26,208,761,2048,6.76
2347167796,4/22/2016,Sunday,7804,0.560000002,1.679999948,2.920000076,0,9,27,206,781,1946,5.16
2347167796,4/23/2016,Monday,16901,2.779999971,1.450000048,7.150000095,0,32,35,360,591,2629,11.38
2347167796,4/24/2016,Tuesday,9471,0,0,6.260000229,0,0,0,360,584,2187,6.26
2347167796,4/25/2016,Wednesday,9482,1.269999981,0.519999981,4.599999905,0,15,11,277,653,2095,6.39
2347167796,4/26/2016,Thursday,5980,0,0,3.950000048,0,0,0,227,732,1861,3.95
2347167796,4/27/2016,Friday,11423,1.860000014,0.400000006,5.320000172,0,26,9,295,623,2194,7.58
2347167796,4/28/2016,Saturday,5439,0,0,3.599999905,0,0,0,229,764,1854,3.6
2347167796,4/29/2016,Sunday,42,0,0,0.029999999,0,0,0,4,2,403,0.03
2873212765,4/12/2016,Thursday,8796,0.109999999,0.930000007,4.880000114,0,2,21,356,1061,1982,5.92
2873212765,4/13/2016,Friday,7618,0,0.219999999,4.880000114,0.02,0,8,404,1028,2004,5.12
2873212765,4/14/2016,Saturday,7910,0,0,5.320000172,0,0,0,331,1109,1893,5.32
2873212765,4/15/2016,Sunday,8482,0,0,5.690000057,0.01,0,0,448,992,2063,5.7
2873212765,4/16/2016,Monday,9685,3.109999895,0.02,3.50999999,0.01,47,1,305,1087,2148,6.65
2873212765,4/17/2016,Tuesday,2524,0,0.349999994,1.340000033,0,0,8,160,1272,1529,1.69
2873212765,4/18/2016,Wednesday,7762,0.07,0.280000001,4.889999866,0,1,6,311,1122,1890,5.24
2873212765,4/19/2016,Thursday,7948,0,0,5.360000134,0,0,0,389,1051,1956,5.36
2873212765,4/20/2016,Friday,9202,1.50999999,0.119999997,4.659999847,0.01,22,5,378,1035,2094,6.3
2873212765,4/21/2016,Saturday,8859,0.129999995,0.370000005,5.46999979,0.01,2,10,371,1057,1970,5.98
2873212765,4/22/2016,Sunday,7286,0.460000008,0,4.420000076,0.02,46,0,366,1028,2241,4.9
2873212765,4/23/2016,Monday,9317,2.089999914,0.230000004,4.019999981,0.01,28,5,330,1077,2021,6.35
2873212765,4/24/2016,Tuesday,6873,3,0.059999999,1.620000005,0,46,1,190,1203,1898,4.68
2873212765,4/25/2016,Wednesday,7373,0,0,4.949999809,0,0,0,359,1081,1907,4.95
2873212765,4/26/2016,Thursday,8242,0.119999997,0.180000007,5.239999771,0,2,5,309,1124,1882,5.54
2873212765,4/27/2016,Friday,3516,0,0,2.359999895,0,46,0,197,1197,1966,2.36
2873212765,4/28/2016,Saturday,7913,2.160000086,0.340000004,2.910000086,0,28,7,213,1192,1835,5.41
2873212765,4/29/2016,Sunday,7365,1.360000014,1.409999967,2.180000067,0,20,23,206,1191,1780,4.95
2873212765,4/30/2016,Monday,8452,0.330000013,1.080000043,4.260000229,0.01,5,20,248,1167,1830,5.68
2873212765,5/1/2016,Sunday,7399,0.49000001,1.039999962,3.440000057,0,7,18,196,1219,1739,4.97
2873212765,5/2/2016,Monday,7525,0,0.209999993,4.829999924,0.02,0,7,334,1099,1878,5.06
2873212765,5/3/2016,Tuesday,7412,0.059999999,0.25,4.659999847,0.01,1,6,363,1070,1906,4.98
2873212765,5/4/2016,Wednesday,8278,0,0,5.559999943,0,0,0,420,1020,2015,5.56
2873212765,5/5/2016,Thursday,8314,0.779999971,0.800000012,4.03000021,0,13,23,311,1093,1971,5.61
2873212765,5/6/2016,Friday,7063,0,0.119999997,4.610000134,0.01,0,5,370,1065,1910,4.74
2873212765,5/7/2016,Saturday,4940,2.279999971,0.550000012,0.550000012,0,75,11,52,1302,1897,3.38
2873212765,5/8/2016,Sunday,8168,2.900000095,0,2.640000105,0,46,0,326,1068,2096,5.54
2873212765,5/9/2016,Monday,7726,0,0,5.190000057,0,0,0,345,1095,1906,5.19
2873212765,5/10/2016,Tuesday,8275,0,0,5.550000191,0.01,0,0,373,1067,1962,5.56
2873212765,5/11/2016,Wednesday,6440,0,0,4.320000172,0.01,0,0,319,1121,1826,4.33
2873212765,5/12/2016,Thursday,7566,0,0,5.110000134,0,0,0,268,720,1431,5.11
3372868164,4/12/2016,Thursday,4747,0,0,3.230000019,0.01,0,0,280,1160,1788,3.24
3372868164,4/13/2016,Friday,9715,0.99000001,0.340000004,5.269999981,0.02,16,8,371,1045,2093,6.62
3372868164,4/14/2016,Saturday,8844,0.340000004,1.029999971,4.650000095,0.01,6,25,370,1039,2065,6.03
3372868164,4/15/2016,Sunday,7451,0,0,5.059999943,0.02,0,0,335,1105,1908,5.08
3372868164,4/16/2016,Monday,6905,0,0,4.699999809,0.029999999,0,0,356,1084,1908,4.73
3372868164,4/17/2016,Tuesday,8199,1.409999967,0.100000001,4.360000134,0.01,11,2,322,1105,1964,5.88
3372868164,4/18/2016,Wednesday,6798,1.080000043,0.200000003,3.349999905,0,20,7,343,1070,2014,4.63
3372868164,4/19/2016,Thursday,7711,0,0,5.239999771,0.02,0,0,376,1064,1985,5.26
3372868164,4/20/2016,Friday,4880,0.839999974,0.090000004,2.380000114,0.02,15,3,274,1148,1867,3.33
3372868164,4/21/2016,Saturday,8857,1.149999976,0.25999999,4.639999866,0.01,18,9,376,1037,2124,6.06
3372868164,4/22/2016,Sunday,3843,0,0,2.609999895,0.01,0,0,206,1234,1669,2.62
3372868164,4/23/2016,Monday,7396,1.399999976,0.079999998,3.579999924,0,20,2,303,1115,1995,5.06
3372868164,4/24/2016,Tuesday,6731,0.889999986,0.189999998,3.49000001,0.02,14,7,292,1127,1921,4.59
3372868164,4/25/2016,Wednesday,5995,0,0,4.090000153,0,0,0,416,1024,2010,4.09
3372868164,4/26/2016,Thursday,8283,1.850000024,0.050000001,3.869999886,0.01,22,2,333,1083,2057,5.78
3372868164,4/27/2016,Friday,7904,1.580000043,0.629999995,3.190000057,0.01,24,13,346,1057,2095,5.41
3372868164,4/28/2016,Saturday,5512,0,0,3.75999999,0,0,0,385,1055,1972,3.76
3372868164,4/29/2016,Sunday,9135,0,0,6.21999979,0.01,0,0,402,1038,2044,6.23
3372868164,4/30/2016,Monday,5250,1.059999943,0.090000004,2.420000076,0.01,17,4,300,1119,1946,3.58
3372868164,5/1/2016,Sunday,3077,0,0,2.089999914,0,0,0,172,842,1237,2.09
3977333714,4/12/2016,Thursday,8856,3.059999943,0.910000026,2.00999999,0,44,19,131,777,1450,5.98
3977333714,4/13/2016,Friday,10035,2.029999971,2.130000114,2.549999952,0,31,46,153,754,1495,6.71
3977333714,4/14/2016,Saturday,7641,0.319999993,0.970000029,3.819999933,0,5,23,214,801,1433,5.11
3977333714,4/15/2016,Sunday,9010,1.049999952,1.75,3.25999999,0,15,42,183,644,1468,6.06
3977333714,4/16/2016,Monday,13459,2.029999971,4,2.970000029,0,31,83,153,663,1625,9
3977333714,4/17/2016,Tuesday,10415,0.699999988,2.349999905,3.920000076,0,11,58,205,600,1529,6.97
3977333714,4/18/2016,Wednesday,11663,0.25,3.730000019,3.819999933,0,4,95,214,605,1584,7.8
3977333714,4/19/2016,Thursday,12414,2.24000001,2.450000048,3.960000038,0,19,67,221,738,1638,8.65
3977333714,4/20/2016,Friday,11658,0.200000003,4.349999905,3.279999971,0,2,98,164,845,1554,7.83
3977333714,4/21/2016,Saturday,6093,0,0,4.059999943,0,0,0,242,712,1397,4.06
3977333714,4/22/2016,Sunday,8911,2.329999924,0.579999983,3.059999943,0,33,12,188,731,1481,5.97
3977333714,4/23/2016,Monday,12058,0,4.21999979,3.849999905,0,0,92,252,724,1638,8.07
3977333714,4/24/2016,Tuesday,14112,3.269999981,4.559999943,2.170000076,0,30,95,129,660,1655,10
3977333714,4/25/2016,Wednesday,11177,5.619999886,0.430000007,2.410000086,0,50,9,133,781,1570,8.46
3977333714,4/26/2016,Thursday,11388,0.449999988,4.21999979,2.950000048,0,7,95,170,797,1551,7.62
3977333714,4/27/2016,Friday,7193,0,0.419999987,4.619999886,0,0,10,176,714,1377,5.04
3977333714,4/28/2016,Saturday,7114,1.370000005,0.289999992,3.220000029,0,15,8,190,804,1407,4.88
3977333714,4/29/2016,Sunday,10645,3.74000001,1.299999952,2.710000038,0,36,32,150,744,1545,7.75
3977333714,4/30/2016,Monday,13238,3.690000057,2.099999905,3.410000086,0,43,52,194,687,1650,9.2
3977333714,5/1/2016,Sunday,10414,2.670000076,1.980000019,2.410000086,0,41,40,124,691,1501,7.06
3977333714,5/2/2016,Monday,16520,1.539999962,6.480000019,3.019999981,0,24,143,176,713,1760,11.04
3977333714,5/3/2016,Tuesday,14335,3.319999933,1.74000001,4.53000021,0,47,41,258,594,1710,9.59
3977333714,5/4/2016,Wednesday,13559,1.809999943,4.579999924,2.890000105,0,14,96,142,852,1628,9.28
3977333714,5/5/2016,Thursday,12312,1.75999999,4.110000134,2.710000038,0,14,88,178,680,1618,8.58
3977333714,5/6/2016,Friday,11677,3.109999895,2.50999999,2.670000076,0,29,55,168,676,1590,8.29
3977333714,5/7/2016,Saturday,11550,0,4.130000114,3.589999914,0,0,86,208,703,1574,7.72
3977333714,5/8/2016,Sunday,13585,0.680000007,5.239999771,3.170000076,0,9,116,171,688,1633,9.09
3977333714,5/9/2016,Monday,14687,0.769999981,5.599999905,3.549999952,0,8,122,151,1159,1667,9.92
3977333714,5/10/2016,Tuesday,13072,0.07,5.400000095,3.309999943,0,1,115,196,676,1630,8.78
3977333714,5/11/2016,Wednesday,746,0.370000005,0,0.129999995,0,4,0,9,13,52,0.5
4020332650,4/12/2016,Thursday,8539,0.150000006,0.239999995,5.679999828,0,4,15,331,712,3654,6.07
4020332650,4/13/2016,Friday,0,0,0,0,0,0,0,0,1440,1981,0
4020332650,4/14/2016,Saturday,108,0,0,0.029999999,0,0,0,3,1437,2011,0.03
4020332650,4/15/2016,Sunday,1882,0.209999993,0.360000014,0.769999981,0,36,18,87,1299,2951,1.34
4020332650,4/16/2016,Monday,1982,0.449999988,0.370000005,0.589999974,0,65,21,55,1222,3051,1.41
4020332650,4/17/2016,Tuesday,16,0,0,0.01,0,0,0,2,1438,1990,0.01
4020332650,4/18/2016,Wednesday,62,0,0,0.039999999,0,0,0,2,1438,1995,0.04
4020332650,4/19/2016,Thursday,0,0,0,0,0,0,0,0,1440,1980,0
4020332650,4/20/2016,Friday,0,0,0,0,0,0,0,0,1440,1980,0
4020332650,4/21/2016,Saturday,0,0,0,0,0,0,0,0,1440,1980,0
4020332650,4/22/2016,Sunday,0,0,0,0,0,0,0,0,1440,1980,0
4020332650,4/23/2016,Monday,0,0,0,0,0,0,0,0,1440,1980,0
4020332650,4/24/2016,Tuesday,0,0,0,0,0,0,0,0,1440,1980,0
4020332650,4/25/2016,Wednesday,0,0,0,0,0,0,0,0,1440,1980,0
4020332650,4/26/2016,Thursday,0,0,0,0,0,0,0,0,1440,1980,0
4020332650,4/27/2016,Friday,0,0,0,0,0,0,0,0,1440,1980,0
4020332650,4/28/2016,Saturday,0,0,0,0,0,0,0,0,1440,1980,0
4020332650,4/29/2016,Sunday,0,0,0,0,0,0,0,0,1440,1980,0
4020332650,4/30/2016,Monday,0,0,0,0,0,0,0,0,1440,1980,0
4020332650,5/1/2016,Sunday,0,0,0,0,0,0,0,0,1440,1980,0
4020332650,5/2/2016,Monday,475,0,0.039999999,0.289999992,0,0,11,31,1350,2207,0.33
4020332650,5/3/2016,Tuesday,4496,0,0,3.150000095,0.050000001,0,0,174,950,2828,3.2
4020332650,5/4/2016,Wednesday,10252,0.670000017,1.039999962,5.579999924,0,13,46,346,531,3879,7.29
4020332650,5/5/2016,Thursday,11728,2.619999886,1.679999948,4.039999962,0.07,38,42,196,916,3429,8.41
4020332650,5/6/2016,Friday,4369,0,0,3.099999905,0.01,0,0,177,855,2704,3.11
4020332650,5/7/2016,Saturday,6132,0,0,3.579999924,0,0,0,184,1256,2975,3.58
4020332650,5/8/2016,Sunday,5862,0,0,4.150000095,0,0,0,263,775,3089,4.15
4020332650,5/9/2016,Monday,4556,0.200000003,0.119999997,2.940000057,0,3,5,173,1225,2785,3.26
4020332650,5/10/2016,Tuesday,5546,0,0,3.869999886,0.039999999,0,0,206,774,2926,3.91
4020332650,5/11/2016,Wednesday,3689,0.109999999,0.170000002,2.329999924,0,2,8,134,1296,2645,2.61
4020332650,5/12/2016,Thursday,590,0,0,0.409999996,0,0,0,21,721,1120,0.41
4057192912,4/12/2016,Thursday,5394,0,0,3.940000057,0,0,0,164,1276,2286,3.94
4057192912,4/13/2016,Friday,5974,0,0,4.369999886,0,0,0,160,1280,2306,4.37
4057192912,4/14/2016,Saturday,0,0,0,0,0,0,0,0,1440,1776,0
4057192912,4/15/2016,Sunday,3984,0.209999993,0.25999999,2.440000057,0,3,6,88,873,1527,2.91
4319703577,4/12/2016,Thursday,7753,0,0,0,0,0,0,0,1440,2115,0
4319703577,4/13/2016,Friday,8204,0.529999971,0.589999974,1.309999943,0,8,15,96,1234,2135,2.43
4319703577,4/14/2016,Saturday,10210,0.109999999,0.330000013,6.440000057,0,1,9,339,589,2302,6.88
4319703577,4/15/2016,Sunday,5664,0,0,3.799999952,0,0,0,228,752,1985,3.8
4319703577,4/16/2016,Monday,4744,0,0,3.180000067,0,0,0,194,724,1884,3.18
4319703577,4/17/2016,Tuesday,29,0,0,0.02,0,0,0,3,1363,1464,0.02
4319703577,4/18/2016,Wednesday,2276,0.07,0.330000013,1.120000005,0,1,9,58,824,1632,1.52
4319703577,4/19/2016,Thursday,8925,0,0,5.989999771,0,0,0,311,604,2200,5.99
4319703577,4/20/2016,Friday,8954,0,0.680000007,5.309999943,0,0,18,306,671,2220,5.99
4319703577,4/21/2016,Saturday,3702,0,0,0.349999994,0,0,0,34,1265,1792,0.35
4319703577,4/22/2016,Sunday,4500,0.059999999,0.810000002,2.150000095,0,1,19,176,709,1886,3.02
4319703577,4/23/2016,Monday,4935,0,0,3.309999943,0,0,0,233,546,1945,3.31
4319703577,4/24/2016,Tuesday,4081,0.059999999,0.200000003,2.470000029,0,1,5,191,692,1880,2.73
4319703577,4/25/2016,Wednesday,9259,0,0.280000001,5.929999828,0,0,8,390,544,2314,6.21
4319703577,4/26/2016,Thursday,9899,0.569999993,0.920000017,5.150000095,0,8,21,288,649,2236,6.64
4319703577,4/27/2016,Friday,10780,0.409999996,1.919999957,4.909999847,0,6,47,300,680,2324,7.24
4319703577,4/28/2016,Saturday,10817,1.00999999,0.330000013,5.940000057,0,13,8,359,552,2367,7.28
4319703577,4/29/2016,Sunday,7990,0.449999988,0.790000021,4.119999886,0,6,18,289,624,2175,5.36
4319703577,4/30/2016,Monday,8221,0.400000006,1.610000014,3.50999999,0,6,38,196,695,2092,5.52
4319703577,5/1/2016,Sunday,1251,0,0,0.839999974,0,0,0,67,836,1593,0.84
4319703577,5/2/2016,Monday,9261,0,0.439999998,5.710000038,0,0,11,344,585,2270,6.15
4319703577,5/3/2016,Tuesday,9648,0.579999983,1.070000052,4.829999924,0,8,26,287,669,2235,6.48
4319703577,5/4/2016,Wednesday,10429,0.589999974,0.579999983,5.849999905,0,8,13,313,1106,2282,7.02
4319703577,5/5/2016,Thursday,13658,2.630000114,1.409999967,5.449999809,0,27,34,328,957,2530,9.49
4319703577,5/6/2016,Friday,9524,0.409999996,0.469999999,5.460000038,0,6,11,314,692,2266,6.34
4319703577,5/7/2016,Saturday,7937,0.189999998,1.049999952,4.079999924,0,3,28,279,586,2158,5.32
4319703577,5/8/2016,Sunday,3672,0,0,2.460000038,0,0,0,153,603,1792,2.46
4319703577,5/9/2016,Monday,10378,0.140000001,0.560000002,6.25,0,2,14,374,490,2345,6.95
4319703577,5/10/2016,Tuesday,9487,0.209999993,0.460000008,5.699999809,0,3,12,329,555,2260,6.37
4319703577,5/11/2016,Wednesday,9129,0.200000003,0.74000001,5.179999828,0,3,18,311,574,2232,6.12
4319703577,5/12/2016,Thursday,17,0,0,0.01,0,0,0,2,0,257,0.01
4388161847,4/12/2016,Thursday,10122,0,0,0,0,0,0,0,1440,2955,0
4388161847,4/13/2016,Friday,10993,0.059999999,0.629999995,3.880000114,0,1,14,150,1275,3092,4.57
4388161847,4/14/2016,Saturday,8863,0.129999995,1.070000052,5.619999886,0,10,35,219,945,2998,6.82
4388161847,4/15/2016,Sunday,8758,0,0,6.730000019,0,0,0,299,837,3066,6.73
4388161847,4/16/2016,Monday,6580,0.209999993,0.400000006,4.449999809,0,6,9,253,609,3073,5.06
4388161847,4/17/2016,Tuesday,4660,0,0,3.579999924,0,0,0,201,721,2572,3.58
4388161847,4/18/2016,Wednesday,11009,3.559999943,0.400000006,5.139999866,0,27,8,239,1017,3274,9.1
4388161847,4/19/2016,Thursday,10181,1.370000005,0.689999998,5.769999981,0,20,16,249,704,3015,7.83
4388161847,4/20/2016,Friday,10553,1.100000024,1.720000029,5.289999962,0,19,42,228,696,3083,8.11
4388161847,4/21/2016,Saturday,10055,0.370000005,0.389999986,6.980000019,0,7,12,272,853,3069,7.74
4388161847,4/22/2016,Sunday,12139,3.299999952,1.110000014,4.920000076,0,77,25,220,945,3544,9.33
4388161847,4/23/2016,Monday,13236,4.5,0.319999993,5.349999905,0,58,5,215,749,3306,10.17
4388161847,4/24/2016,Tuesday,10243,1.080000043,0.50999999,6.300000191,0,14,8,239,584,2885,7.89
4388161847,4/25/2016,Wednesday,12961,0.730000019,1.399999976,7.840000153,0,11,31,301,1054,3288,9.97
4388161847,4/26/2016,Thursday,9461,0.939999998,1.059999943,5.269999981,0,14,23,224,673,2929,7.27
4388161847,4/27/2016,Friday,11193,0.699999988,2.50999999,5.389999866,0,11,48,241,684,3074,8.6
4388161847,4/28/2016,Saturday,10074,1.289999962,0.430000007,6.03000021,0,19,9,234,878,2969,7.75
4388161847,4/29/2016,Sunday,9232,0.800000012,0.889999986,5.420000076,0,13,16,236,1175,2979,7.11
4388161847,4/30/2016,Monday,12533,0.699999988,2,6.940000057,0,14,43,300,537,3283,9.64
4388161847,5/1/2016,Sunday,10255,1.00999999,0.680000007,6.199999809,0,12,15,241,579,2926,7.89
4388161847,5/2/2016,Monday,10096,3.769999981,0.079999998,4.550000191,0,33,4,204,935,3147,8.4
4388161847,5/3/2016,Tuesday,12727,1.129999995,0.779999971,7.880000114,0,18,18,306,984,3290,9.79
4388161847,5/4/2016,Wednesday,12375,2.789999962,0.930000007,5.800000191,0,35,21,251,632,3162,9.52
4388161847,5/5/2016,Thursday,9603,0.629999995,1.669999957,5.090000153,0,12,39,199,896,2899,7.39
4388161847,5/6/2016,Friday,13175,2.109999895,2.089999914,5.929999828,0,33,45,262,1100,3425,10.13
4388161847,5/7/2016,Saturday,22770,9.449999809,2.769999981,5.329999924,0,120,56,260,508,4022,17.55
4388161847,5/8/2016,Sunday,17298,9.890000343,1.25999999,3.230000019,0,107,38,178,576,3934,14.38
4388161847,5/9/2016,Monday,10218,0.340000004,0.730000019,6.789999962,0,6,19,258,1020,3013,7.86
4388161847,5/10/2016,Tuesday,10299,0.810000002,0.649999976,6.460000038,0,13,14,267,648,3061,7.92
4388161847,5/11/2016,Wednesday,10201,0.529999971,0.790000021,6.53000021,0,8,18,256,858,2954,7.85
4388161847,5/12/2016,Thursday,3369,0,0,2.589999914,0,0,0,108,825,1623,2.59
4445114986,4/12/2016,Thursday,3276,0,0,2.200000048,0,0,0,196,787,2113,2.2
4445114986,4/13/2016,Friday,2961,0,0,1.99000001,0,0,0,194,840,2095,1.99
4445114986,4/14/2016,Saturday,3974,0,0,2.670000076,0,0,0,231,717,2194,2.67
4445114986,4/15/2016,Sunday,7198,0,0,4.829999924,0,0,0,350,711,2496,4.83
4445114986,4/16/2016,Monday,3945,0,0,2.650000095,0,0,0,225,716,2180,2.65
4445114986,4/17/2016,Tuesday,2268,0,0,1.519999981,0,0,0,114,1219,1933,1.52
4445114986,4/18/2016,Wednesday,6155,2,0.289999992,1.950000048,0,25,6,162,1247,2248,4.24
4445114986,4/19/2016,Thursday,2064,0,0,1.389999986,0,0,0,121,895,1954,1.39
4445114986,4/20/2016,Friday,2072,0,0,1.389999986,0,0,0,137,841,1974,1.39
4445114986,4/21/2016,Saturday,3809,0,0,2.539999962,0,0,0,215,756,2150,2.54
4445114986,4/22/2016,Sunday,6831,0,0,4.579999924,0,0,0,317,706,2432,4.58
4445114986,4/23/2016,Monday,4363,0,0,2.930000067,0,0,0,201,1239,2149,2.93
4445114986,4/24/2016,Tuesday,5002,0,0,3.359999895,0,0,0,244,1196,2247,3.36
4445114986,4/25/2016,Wednesday,3385,0,0,2.269999981,0,0,0,179,916,2070,2.27
4445114986,4/26/2016,Thursday,6326,2.410000086,0.039999999,1.960000038,0,29,1,180,839,2291,4.41
4445114986,4/27/2016,Friday,7243,2.619999886,0.029999999,2.380000114,0,32,1,194,839,2361,5.03
4445114986,4/28/2016,Saturday,4493,0,0,3.00999999,0,0,0,236,762,2203,3.01
4445114986,4/29/2016,Sunday,4676,0,0,3.130000114,0,0,0,226,1106,2196,3.13
4445114986,4/30/2016,Monday,6222,0,0,4.179999828,0,0,0,290,797,2363,4.18
4445114986,5/1/2016,Sunday,5232,0,0,3.50999999,0,0,0,240,741,2246,3.51
4445114986,5/2/2016,Monday,6910,2.210000038,0.189999998,2.349999905,0,27,4,200,667,2336,4.75
4445114986,5/3/2016,Tuesday,7502,2.480000019,0.109999999,2.579999924,0,30,2,233,725,2421,5.17
4445114986,5/4/2016,Wednesday,2923,0,0,1.960000038,0,0,0,180,897,2070,1.96
4445114986,5/5/2016,Thursday,3800,0.119999997,0.239999995,2.180000067,0,2,6,185,734,2120,2.54
4445114986,5/6/2016,Friday,4514,0,0,3.029999971,0,0,0,229,809,2211,3.03
4445114986,5/7/2016,Saturday,5183,2.130000114,0.189999998,1.25,0,26,4,108,866,2123,3.57
4445114986,5/8/2016,Sunday,7303,0,0.25,4.650000095,0,0,8,308,733,2423,4.9
4445114986,5/9/2016,Monday,5275,0,0,3.539999962,0,0,0,266,641,2281,3.54
4445114986,5/10/2016,Tuesday,3915,0,0,2.630000114,0,0,0,231,783,2181,2.63
4445114986,5/11/2016,Wednesday,9105,2.25,1,2.859999895,0,34,22,232,622,2499,6.11
4445114986,5/12/2016,Thursday,768,0,0,0.519999981,0,0,0,58,380,1212,0.52
4558609924,4/12/2016,Thursday,5135,0,0,3.390000105,0,0,0,318,1122,1909,3.39
4558609924,4/13/2016,Friday,4978,1.24000001,0.439999998,1.610000014,0,19,7,127,1287,1722,3.29
4558609924,4/14/2016,Saturday,6799,0,0,4.489999771,0,0,0,279,1161,1922,4.49
4558609924,4/15/2016,Sunday,7795,0.589999974,0.839999974,3.730000019,0,17,30,262,1131,2121,5.16
4558609924,4/16/2016,Monday,7289,0.550000012,0.75,3.5,0,8,12,308,1112,1997,4.8
4558609924,4/17/2016,Tuesday,9634,0.550000012,1.139999986,4.710000038,0,7,19,304,1110,2117,6.4
4558609924,4/18/2016,Wednesday,8940,0.980000019,0.930000007,4,0,14,15,331,1080,2116,5.91
4558609924,4/19/2016,Thursday,5401,0.050000001,0.360000014,3.160000086,0,1,9,248,1182,1876,3.57
4558609924,4/20/2016,Friday,4803,0,0,3.170000076,0,0,0,222,1218,1788,3.17
4558609924,4/21/2016,Saturday,13743,0.419999987,0.970000029,7.699999809,0,6,21,432,844,2486,9.09
4558609924,4/22/2016,Sunday,9601,1.370000005,1.5,3.470000029,0,20,25,273,1122,2094,6.34
4558609924,4/23/2016,Monday,6890,0.340000004,0.200000003,4.010000229,0,5,5,308,1122,2085,4.55
4558609924,4/24/2016,Tuesday,8563,0,0,5.650000095,0,0,0,395,1045,2173,5.65
4558609924,4/25/2016,Wednesday,8095,0.589999974,0.25,4.510000229,0,18,10,340,993,2225,5.35
4558609924,4/26/2016,Thursday,9148,0.430000007,2.029999971,3.589999914,0,12,41,283,1062,2223,6.05
4558609924,4/27/2016,Friday,9557,1.960000038,0.889999986,3.460000038,0,27,14,312,1087,2098,6.31
4558609924,4/28/2016,Saturday,9451,0.02,0.270000011,5.949999809,0,1,11,367,985,2185,6.24
4558609924,4/29/2016,Sunday,7833,1.019999981,1.850000024,2.309999943,0,15,29,197,1096,1918,5.18
4558609924,4/30/2016,Monday,10319,0.469999999,1.889999986,4.460000038,0,7,29,293,1111,2105,6.82
4558609924,5/1/2016,Sunday,3428,0,0,2.269999981,0,0,0,190,1121,1692,2.27
4558609924,5/2/2016,Monday,7891,0,0,5.21999979,0,0,0,383,1057,2066,5.22
4558609924,5/3/2016,Tuesday,5267,0.600000024,0.280000001,2.599999905,0,21,10,237,1172,1953,3.48
4558609924,5/4/2016,Wednesday,5232,0,0,3.460000038,0,0,0,252,1188,1842,3.46
4558609924,5/5/2016,Thursday,10611,1.00999999,0.5,5.510000229,0,14,8,370,1048,2262,7.02
4558609924,5/6/2016,Friday,3755,0,0,2.480000019,0,0,0,202,1238,1722,2.48
4558609924,5/7/2016,Saturday,8237,1.610000014,1,2.829999924,0,23,16,233,1116,1973,5.44
4558609924,5/8/2016,Sunday,6543,1.799999952,0.5,2.019999981,0,66,35,238,1019,2666,4.32
4558609924,5/9/2016,Monday,11451,0.430000007,1.620000005,5.519999981,0,6,30,339,1065,2223,7.57
4558609924,5/10/2016,Tuesday,6435,0.74000001,1.120000005,2.390000105,0,11,18,220,1191,1889,4.25
4558609924,5/11/2016,Wednesday,9108,0.25999999,1.820000052,3.940000057,0,4,31,324,1081,2131,6.02
4558609924,5/12/2016,Thursday,6307,0,0,4.170000076,0,0,0,247,736,1452,4.17
4702921684,4/12/2016,Thursday,7213,0,0,5.849999905,0,0,0,263,718,2947,5.85
4702921684,4/13/2016,Friday,6877,0,0,5.579999924,0,0,0,258,777,2898,5.58
4702921684,4/14/2016,Saturday,7860,0,0,6.369999886,0,0,0,271,772,2984,6.37
4702921684,4/15/2016,Sunday,6506,0.07,0.419999987,4.789999962,0,1,8,256,944,2896,5.28
4702921684,4/16/2016,Monday,11140,0.239999995,1.25,7.539999962,0,3,24,335,556,3328,9.03
4702921684,4/17/2016,Tuesday,12692,0.959999979,3.460000038,5.880000114,0,12,66,302,437,3394,10.3
4702921684,4/18/2016,Wednesday,9105,1.820000052,1.49000001,4.070000172,0,22,30,191,890,3013,7.38
4702921684,4/19/2016,Thursday,6708,0.879999995,0.370000005,4.190000057,0,10,8,179,757,2812,5.44
4702921684,4/20/2016,Friday,8793,0.159999996,1.230000019,5.730000019,0,2,29,260,717,3061,7.12
4702921684,4/21/2016,Saturday,6530,0.310000002,2.049999952,2.940000057,0,4,41,144,901,2729,5.3
4702921684,4/22/2016,Sunday,1664,0,0,1.350000024,0,0,0,72,1341,2241,1.35
4702921684,4/23/2016,Monday,15126,0.75999999,3.24000001,8.270000458,0,9,66,408,469,3691,12.27
4702921684,4/24/2016,Tuesday,15050,1.200000048,5.119999886,5.880000114,0,15,95,281,542,3538,12.2
4702921684,4/25/2016,Wednesday,9167,0.49000001,0.819999993,6.110000134,0,6,15,270,730,3064,7.42
4702921684,4/26/2016,Thursday,6108,0.07,0.349999994,4.539999962,0,1,8,216,765,2784,4.96
4702921684,4/27/2016,Friday,7047,0.090000004,0.800000012,4.78000021,0,1,16,238,733,2908,5.67
4702921684,4/28/2016,Saturday,9023,1.129999995,0.419999987,5.769999981,0,14,9,232,738,3033,7.32
4702921684,4/29/2016,Sunday,9930,1.059999943,0.920000017,6.070000172,0,12,19,267,692,3165,8.05
4702921684,4/30/2016,Monday,10144,0.319999993,2.029999971,5.880000114,0,4,36,263,728,3115,8.23
4702921684,5/1/2016,Sunday,0,0,0,0,0,0,0,0,1440,2017,0
4702921684,5/2/2016,Monday,7245,0.379999995,1.74000001,3.75999999,0,5,40,195,1131,2859,5.88
4702921684,5/3/2016,Tuesday,9454,0,0,7.670000076,0,0,0,313,729,3145,7.67
4702921684,5/4/2016,Wednesday,8161,0.340000004,0.730000019,5.539999962,0,4,15,251,757,3004,6.61
4702921684,5/5/2016,Thursday,8614,0.670000017,0.219999999,6.090000153,0,8,5,241,745,3006,6.98
4702921684,5/6/2016,Friday,6943,0.079999998,0.660000026,4.869999886,0,1,16,207,682,2859,5.61
4702921684,5/7/2016,Saturday,14370,0.370000005,2.309999943,8.970000267,0,5,46,439,577,3683,11.65
4702921684,5/8/2016,Sunday,12857,0.680000007,6.210000038,3.539999962,0,9,125,192,1019,3287,10.43
4702921684,5/9/2016,Monday,8232,0,0.569999993,6.099999905,0,0,12,253,746,2990,6.67
4702921684,5/10/2016,Tuesday,10613,0.079999998,1.879999995,6.650000095,0,1,37,262,701,3172,8.61
4702921684,5/11/2016,Wednesday,9810,0.779999971,2.160000086,4.980000019,0,10,41,235,784,3069,7.92
4702921684,5/12/2016,Thursday,2752,0,0,2.230000019,0,0,0,68,241,1240,2.23
5553957443,4/12/2016,Thursday,11596,1.370000005,0.790000021,5.409999847,0,19,13,277,767,2026,7.57
5553957443,4/13/2016,Friday,4832,0,0,3.160000086,0,0,0,226,647,1718,3.16
5553957443,4/14/2016,Saturday,17022,4,2.450000048,4.670000076,0,61,41,256,693,2324,11.12
5553957443,4/15/2016,Sunday,16556,4.159999847,1.980000019,4.710000038,0,58,38,239,689,2254,10.85
5553957443,4/16/2016,Monday,5771,0,0,3.769999981,0,0,0,288,521,1831,3.77
5553957443,4/17/2016,Tuesday,655,0,0,0.430000007,0,0,0,46,943,1397,0.43
5553957443,4/18/2016,Wednesday,3727,0,0,2.430000067,0,0,0,206,622,1683,2.43
5553957443,4/19/2016,Thursday,15482,4.28000021,1.659999967,4.179999828,0,69,28,249,756,2284,10.12
5553957443,4/20/2016,Friday,2713,0,0,1.769999981,0,0,0,148,598,1570,1.77
5553957443,4/21/2016,Saturday,12346,2.950000048,2.160000086,2.960000038,0,47,42,177,801,2066,8.07
5553957443,4/22/2016,Sunday,11682,1.379999995,0.629999995,5.599999905,0,25,16,270,781,2105,7.61
5553957443,4/23/2016,Monday,4112,0,0,2.680000067,0,0,0,272,443,1776,2.68
5553957443,4/24/2016,Tuesday,1807,0,0,1.179999948,0,0,0,104,582,1507,1.18
5553957443,4/25/2016,Wednesday,10946,2.930000067,0.569999993,3.690000057,0,51,11,201,732,2033,7.19
5553957443,4/26/2016,Thursday,11886,2.369999886,0.930000007,4.460000038,0,40,18,238,750,2093,7.76
5553957443,4/27/2016,Friday,10538,1.139999986,1,4.739999771,0,16,16,206,745,1922,6.88
5553957443,4/28/2016,Saturday,11393,3.710000038,0.75,3.170000076,0,49,13,165,727,1999,7.63
5553957443,4/29/2016,Sunday,12764,2.789999962,0.639999986,4.909999847,0,46,15,270,709,2169,8.34
5553957443,4/30/2016,Monday,1202,0,0,0.779999971,0,0,0,84,506,1463,0.78
5553957443,5/1/2016,Sunday,5164,0,0,3.369999886,0,0,0,237,436,1747,3.37
5553957443,5/2/2016,Monday,9769,1.059999943,0.409999996,4.900000095,0,23,9,227,724,1996,6.37
5553957443,5/3/2016,Tuesday,12848,1.5,1.200000048,5.679999828,0,26,29,247,812,2116,8.38
5553957443,5/4/2016,Wednesday,4249,0,0,2.769999981,0,0,0,224,651,1698,2.77
5553957443,5/5/2016,Thursday,14331,3.430000067,1.659999967,4.429999828,0,44,29,241,692,2156,9.52
5553957443,5/6/2016,Friday,9632,1.519999981,0.540000021,4.230000019,0,21,9,229,761,1916,6.29
5553957443,5/7/2016,Saturday,1868,0,0,1.220000029,0,0,0,96,902,1494,1.22
5553957443,5/8/2016,Sunday,6083,0.219999999,0.469999999,3.299999952,0,3,8,210,505,1762,3.99
5553957443,5/9/2016,Monday,11611,2.130000114,0.889999986,4.559999943,0,59,22,251,667,2272,7.58
5553957443,5/10/2016,Tuesday,16358,3.869999886,1.610000014,5.199999809,0,61,40,265,707,2335,10.68
5553957443,5/11/2016,Wednesday,4926,0,0,3.220000029,0,0,0,195,628,1693,3.22
5553957443,5/12/2016,Thursday,3121,0.579999983,0.400000006,1.059999943,0,8,6,48,222,741,2.04
5577150313,4/12/2016,Thursday,8135,3.599999905,0.379999995,2.099999905,0,86,16,140,728,3405,6.08
5577150313,4/13/2016,Friday,5077,0.319999993,0.219999999,3.25,0,15,11,144,776,2551,3.79
5577150313,4/14/2016,Saturday,8596,3.329999924,0.310000002,2.779999971,0,118,30,176,662,4022,6.42
5577150313,4/15/2016,Sunday,12087,3.920000076,1.600000024,3.559999943,0,115,54,199,695,4005,9.08
5577150313,4/16/2016,Monday,14269,6.639999866,1.279999971,2.730000019,0,184,56,158,472,4274,10.65
5577150313,4/17/2016,Tuesday,12231,5.980000019,0.829999983,2.319999933,0,200,37,159,525,4552,9.13
5577150313,4/18/2016,Wednesday,9893,4.860000134,0.720000029,1.820000052,0,114,32,130,623,3625,7.4
5577150313,4/19/2016,Thursday,12574,7.019999981,0.639999986,1.75999999,0,108,23,111,733,3501,9.42
5577150313,4/20/2016,Friday,8330,4.119999886,0.340000004,1.75999999,0,87,16,113,773,3192,6.22
5577150313,4/21/2016,Saturday,10830,3.650000095,1.659999967,2.779999971,0,110,74,175,670,4018,8.09
5577150313,4/22/2016,Sunday,9172,2.420000076,0.790000021,3.299999952,0,62,30,200,823,3329,6.51
5577150313,4/23/2016,Monday,7638,1.210000038,0.360000014,4.139999866,0,24,24,223,627,3152,5.71
5577150313,4/24/2016,Tuesday,15764,7.650000095,2.150000095,1.980000019,0,210,65,141,425,4392,11.78
5577150313,4/25/2016,Wednesday,6393,1.350000024,0.670000017,2.75999999,0,61,38,214,743,3374,4.78
5577150313,4/26/2016,Thursday,5325,0.850000024,0.649999976,2.470000029,0,38,32,181,759,3088,3.97
5577150313,4/27/2016,Friday,6805,1.809999943,0.400000006,2.930000067,0,63,16,190,773,3294,5.14
5577150313,4/28/2016,Saturday,9841,3.25,1.169999957,3.00999999,0,99,51,141,692,3580,7.43
5577150313,4/29/2016,Sunday,7924,2.839999914,0.610000014,2.470000029,0,97,36,165,739,3544,5.92
5577150313,4/30/2016,Monday,12363,5.829999924,0.790000021,2.609999895,0,207,45,163,621,4501,9.23
5577150313,5/1/2016,Sunday,13368,5.309999943,1.440000057,3.24000001,0,194,72,178,499,4546,9.99
5577150313,5/2/2016,Monday,7439,1.120000005,0.349999994,4.070000172,0,37,20,235,732,3014,5.54
5577150313,5/3/2016,Tuesday,11045,4.519999981,0.150000006,3.569999933,0,97,8,212,580,3795,8.24
5577150313,5/4/2016,Wednesday,5206,1.559999943,0.25,2.079999924,0,25,9,141,631,2755,3.89
5577150313,5/5/2016,Thursday,7550,2.5,0.469999999,2.670000076,0,45,21,143,1153,3004,5.64
5577150313,5/6/2016,Friday,4950,1.929999948,0.319999993,1.450000048,0,41,16,79,1304,2643,3.7
5577150313,5/7/2016,Saturday,0,0,0,0,0,0,0,0,1440,1819,0
5577150313,5/8/2016,Sunday,0,0,0,0,0,0,0,0,1440,1819,0
5577150313,5/9/2016,Monday,3421,1.429999948,0.140000001,0.99000001,0,34,11,70,1099,2489,2.56
5577150313,5/10/2016,Tuesday,8869,2.559999943,0.75,3.349999905,0,104,37,194,639,3841,6.66
5577150313,5/11/2016,Wednesday,4038,1.830000043,0.300000012,0.889999986,0,45,15,63,257,1665,3.02
6117666160,4/12/2016,Thursday,0,0,0,0,0,0,0,0,1440,1496,0
6117666160,4/13/2016,Friday,0,0,0,0,0,0,0,0,1440,1496,0
6117666160,4/14/2016,Saturday,0,0,0,0,0,0,0,0,1440,1496,0
6117666160,4/15/2016,Sunday,14019,0,0.280000001,10.30000019,0,0,6,513,921,2865,10.58
6117666160,4/16/2016,Monday,14450,0.579999983,0.850000024,9.479999542,0,7,15,518,502,2828,10.91
6117666160,4/17/2016,Tuesday,7150,0,0,5.400000095,0,0,0,312,702,2225,5.4
6117666160,4/18/2016,Wednesday,5153,0,0,3.890000105,0,0,0,241,759,2018,3.89
6117666160,4/19/2016,Thursday,11135,0,0,8.409999847,0,0,0,480,425,2606,8.41
6117666160,4/20/2016,Friday,10449,2.029999971,0.479999989,5.519999981,0,26,10,349,587,2536,8.03
6117666160,4/21/2016,Saturday,19542,0.980000019,0.400000006,5.619999886,0,11,19,294,579,4900,7
6117666160,4/22/2016,Sunday,8206,0,0,6.199999809,0,0,0,402,413,2409,6.2
6117666160,4/23/2016,Monday,11495,0,0,8.680000305,0,0,0,512,468,2651,8.68
6117666160,4/24/2016,Tuesday,7623,0,0,5.760000229,0,0,0,362,711,2305,5.76
6117666160,4/25/2016,Wednesday,0,0,0,0,0,0,0,0,1440,1497,0
6117666160,4/26/2016,Thursday,9543,0,0.340000004,6.869999886,0,0,7,352,1077,2450,7.21
6117666160,4/27/2016,Friday,9411,0,0,7.110000134,0,0,0,458,417,2576,7.11
6117666160,4/28/2016,Saturday,3403,0,0,2.599999905,0,0,0,141,758,1879,2.6
6117666160,4/29/2016,Sunday,9592,0,0,7.239999771,0,0,0,461,479,2560,7.24
6117666160,4/30/2016,Monday,6987,0,0,5.28000021,0,0,0,343,1040,2275,5.28
6117666160,5/1/2016,Sunday,8915,0,0,6.730000019,0,0,0,397,525,2361,6.73
6117666160,5/2/2016,Monday,4933,0,0,3.730000019,0,0,0,236,1204,2044,3.73
6117666160,5/3/2016,Tuesday,0,0,0,0,0,0,0,0,1440,1496,0
6117666160,5/4/2016,Wednesday,2997,0,0,2.25999999,0,0,0,156,1279,1902,2.26
6117666160,5/5/2016,Thursday,9799,0,0,7.400000095,0,0,0,487,479,2636,7.4
6117666160,5/6/2016,Friday,3365,0,0,2.680000067,0,0,0,133,673,1838,2.68
6117666160,5/7/2016,Saturday,7336,0,0,5.539999962,0,0,0,412,456,2469,5.54
6117666160,5/8/2016,Sunday,7328,0,0,5.53000021,0,0,0,318,517,2250,5.53
6117666160,5/9/2016,Monday,4477,0,0,3.380000114,0,0,0,197,125,1248,3.38
6290855005,4/12/2016,Thursday,4562,0,0,3.450000048,0,0,0,199,1241,2560,3.45
6290855005,4/13/2016,Friday,7142,0,0,5.389999866,0.01,0,0,350,1090,2905,5.4
6290855005,4/14/2016,Saturday,7671,0,0,5.769999981,0.029999999,0,0,363,1077,2952,5.8
6290855005,4/15/2016,Sunday,9501,0,0,7.170000076,0.01,0,0,328,1112,2896,7.18
6290855005,4/16/2016,Monday,8301,0,0,6.269999981,0.01,0,0,258,1182,2783,6.28
6290855005,4/17/2016,Tuesday,7851,1.139999986,0.790000021,4,0,31,12,225,1172,3171,5.93
6290855005,4/18/2016,Wednesday,6885,0,0,5.190000057,0.02,0,0,271,1169,2766,5.21
6290855005,4/19/2016,Thursday,7142,0,0,5.389999866,0.01,0,0,321,1119,2839,5.4
6290855005,4/20/2016,Friday,6361,0,0,4.800000191,0.01,0,0,258,1182,2701,4.81
6290855005,4/21/2016,Saturday,0,0,0,0,0,0,0,0,1440,2060,0
6290855005,4/22/2016,Sunday,6238,0,0,4.71999979,0,0,0,302,1138,2796,4.72
6290855005,4/23/2016,Monday,0,0,0,0,0,33,0,0,1407,2664,0
6290855005,4/24/2016,Tuesday,5896,0,0,4.460000038,0,0,0,258,1182,2703,4.46
6290855005,4/25/2016,Wednesday,7802,0.680000007,0.180000007,5.03000021,0.01,8,3,249,1180,2771,5.9
6290855005,4/26/2016,Thursday,0,0,0,0,0,0,0,0,1440,2060,0
6290855005,4/27/2016,Friday,5565,0,0,4.179999828,0.029999999,0,0,287,1153,2743,4.21
6290855005,4/28/2016,Saturday,5731,0,0,4.329999924,0,0,0,255,1185,2687,4.33
6290855005,4/29/2016,Sunday,0,0,0,0,0,0,0,0,1440,2060,0
6290855005,4/30/2016,Monday,6744,0,0,5.090000153,0.01,0,0,324,1116,2843,5.1
6290855005,5/1/2016,Sunday,9837,0.660000026,2.75,4,0.02,8,95,282,1055,3327,7.43
6290855005,5/2/2016,Monday,6781,0,0,5.110000134,0.02,0,0,268,1172,2725,5.13
6290855005,5/3/2016,Tuesday,6047,0,0,4.570000172,0,0,0,240,1200,2671,4.57
6290855005,5/4/2016,Wednesday,5832,0,0,4.400000095,0.01,0,0,272,1168,2718,4.41
6290855005,5/5/2016,Thursday,6339,0,0,4.789999962,0,0,0,239,1201,2682,4.79
6290855005,5/6/2016,Friday,6116,0,0,4.590000153,0.029999999,0,0,305,1135,2806,4.62
6290855005,5/7/2016,Saturday,5510,0,0,4.159999847,0,0,0,227,1213,2613,4.16
6290855005,5/8/2016,Sunday,7706,0,0,5.820000172,0,0,0,251,1189,2712,5.82
6290855005,5/9/2016,Monday,6277,0,0,4.730000019,0.02,0,0,264,800,2175,4.75
6290855005,5/10/2016,Tuesday,0,0,0,0,0,0,0,0,1440,0,0
6775888955,4/12/2016,Thursday,0,0,0,0,0,0,0,0,1440,1841,0
6775888955,4/13/2016,Friday,4053,1.110000014,0.579999983,1.220000029,0,17,18,85,1053,2400,2.91
6775888955,4/14/2016,Saturday,5162,0.870000005,0.860000014,1.970000029,0,14,24,105,863,2507,3.7
6775888955,4/15/2016,Sunday,1282,0,0,0.920000017,0,0,0,58,976,2127,0.92
6775888955,4/16/2016,Monday,4732,2.519999981,0.810000002,0.059999999,0,36,18,9,1377,2225,3.39
6775888955,4/17/2016,Tuesday,2497,0.349999994,1.129999995,0.310000002,0,5,24,19,1392,2067,1.79
6775888955,4/18/2016,Wednesday,8294,2,0.769999981,3.170000076,0,30,31,146,1233,2798,5.94
6775888955,4/19/2016,Thursday,0,0,0,0,0,0,0,0,1440,1841,0
6775888955,4/20/2016,Friday,10771,3.769999981,1.74000001,2.220000029,0,70,113,178,1079,3727,7.73
6775888955,4/21/2016,Saturday,0,0,0,0,0,0,0,0,1440,1841,0
6775888955,4/22/2016,Sunday,637,0,0,0.460000008,0,0,0,20,1420,1922,0.46
6775888955,4/23/2016,Monday,0,0,0,0,0,0,0,0,1440,1841,0
6775888955,4/24/2016,Tuesday,2153,0.769999981,0.620000005,0.150000006,0,11,18,11,1400,2053,1.54
6775888955,4/25/2016,Wednesday,6474,2.269999981,0.460000008,1.899999976,0,33,13,92,1302,2484,4.63
6775888955,4/26/2016,Thursday,7091,3.480000019,0.870000005,0.730000019,0,42,30,47,1321,2584,5.08
6775888955,4/27/2016,Friday,0,0,0,0,0,0,0,0,1440,1841,0
6775888955,4/28/2016,Saturday,703,0.059999999,0.200000003,0.239999995,0,2,13,15,1410,1993,0.5
6775888955,4/29/2016,Sunday,0,0,0,0,0,0,0,0,1440,1841,0
6775888955,4/30/2016,Monday,2503,0.159999996,0.159999996,1.480000019,0,3,9,84,1344,2280,1.8
6775888955,5/1/2016,Sunday,2487,0.479999989,0.620000005,0.680000007,0,9,34,50,1347,2319,1.78
6775888955,5/2/2016,Monday,0,0,0,0,0,0,0,0,1440,1841,0
6775888955,5/3/2016,Tuesday,9,0,0,0.01,0,0,0,1,1439,1843,0.01
6775888955,5/4/2016,Wednesday,0,0,0,0,0,0,0,0,1440,1841,0
6775888955,5/5/2016,Thursday,0,0,0,0,0,0,0,0,1440,1841,0
6775888955,5/6/2016,Friday,4697,0.469999999,0.930000007,1.929999948,0,12,35,75,1318,2496,3.33
6775888955,5/7/2016,Saturday,1967,0.129999995,0.239999995,1.049999952,0,2,5,49,551,1032,1.42
6962181067,4/12/2016,Thursday,10199,3.400000095,0.829999983,2.50999999,0,50,14,189,796,1994,6.74
6962181067,4/13/2016,Friday,5652,0.569999993,1.210000038,1.960000038,0,8,24,142,548,1718,3.74
6962181067,4/14/2016,Saturday,1551,0,0,1.029999971,0,0,0,86,862,1466,1.03
6962181067,4/15/2016,Sunday,5563,0,0,3.680000067,0,0,0,217,837,1756,3.68
6962181067,4/16/2016,Monday,13217,3.660000086,0.189999998,4.880000114,0,50,3,280,741,2173,8.73
6962181067,4/17/2016,Tuesday,10145,0.330000013,0.680000007,5.690000057,0,5,13,295,634,2027,6.7
6962181067,4/18/2016,Wednesday,11404,0.829999983,2.390000105,4.320000172,0,13,42,238,689,2039,7.54
6962181067,4/19/2016,Thursday,10742,2.099999905,2.130000114,2.869999886,0,35,41,195,659,2046,7.1
6962181067,4/20/2016,Friday,13928,4.28000021,0.189999998,5.090000153,0,48,4,297,639,2174,9.56
6962181067,4/21/2016,Saturday,11835,3.99000001,2.099999905,3.50999999,0.109999999,53,27,214,708,2179,9.71
6962181067,4/22/2016,Sunday,10725,1.769999981,1.549999952,3.769999981,0,30,33,240,659,2086,7.09
6962181067,4/23/2016,Monday,20031,4.199999809,2,7.039999962,0,58,41,347,484,2571,13.24
6962181067,4/24/2016,Tuesday,5029,0,0,3.319999933,0,0,0,199,720,1705,3.32
6962181067,4/25/2016,Wednesday,13239,3.019999981,1.679999948,4.460000038,0.100000001,35,31,282,637,2194,9.26
6962181067,4/26/2016,Thursday,10433,2.579999924,0.419999987,3.900000095,0,36,7,254,680,2012,6.9
6962181067,4/27/2016,Friday,10320,0.550000012,2.019999981,4.25,0,7,38,279,697,2034,6.82
6962181067,4/28/2016,Saturday,12627,2.50999999,0.239999995,5.590000153,0,38,8,288,621,2182,8.34
6962181067,4/29/2016,Sunday,10762,0.819999993,0.479999989,5.809999943,0,12,15,369,645,2254,7.11
6962181067,4/30/2016,Monday,10081,2.24000001,0.75999999,3.670000076,0,32,16,237,731,2002,6.67
6962181067,5/1/2016,Sunday,5454,0,0,3.609999895,0,0,0,215,722,1740,3.61
6962181067,5/2/2016,Monday,12912,1.200000048,2,5.340000153,0,18,39,313,655,2162,8.54
6962181067,5/3/2016,Tuesday,12109,1.74000001,2.039999962,4.329999924,0,21,36,267,654,2072,8.11
6962181067,5/4/2016,Wednesday,10147,0.469999999,1.679999948,4.550000191,0,15,36,284,683,2086,6.7
6962181067,5/5/2016,Thursday,10524,0.99000001,1.159999967,4.809999943,0,14,22,305,591,2066,6.96
6962181067,5/6/2016,Friday,5908,0,0,3.910000086,0,0,0,299,717,1850,3.91
6962181067,5/7/2016,Saturday,6815,0,0,4.5,0,0,0,328,745,1947,4.5
6962181067,5/8/2016,Sunday,4188,0,0.519999981,2.25,0,0,14,151,709,1659,2.77
6962181067,5/9/2016,Monday,12342,3.900000095,1.179999948,3.650000095,0,43,21,231,607,2105,8.73
6962181067,5/10/2016,Tuesday,15448,3.470000029,1.75,4.989999771,0,62,34,275,626,2361,10.21
6962181067,5/11/2016,Wednesday,6722,1.49000001,0.310000002,2.650000095,0,24,7,199,709,1855,4.45
6962181067,5/12/2016,Thursday,3587,0,0.25,2.109999895,0,0,8,105,127,928,2.36
7007744171,4/12/2016,Thursday,14172,4.5,0.379999995,5.409999847,0,53,8,355,1024,2937,10.29
7007744171,4/13/2016,Friday,12862,4.610000134,0.560000002,4.480000019,0,56,22,261,1101,2742,9.65
7007744171,4/14/2016,Saturday,11179,2.950000048,0.340000004,4.960000038,0,34,6,304,1096,2668,8.25
7007744171,4/15/2016,Sunday,5273,0,0,3.529999971,0,0,0,202,1238,2098,3.53
7007744171,4/16/2016,Monday,4631,0,0,3.099999905,0,0,0,203,1155,2076,3.1
7007744171,4/17/2016,Tuesday,8059,0,0,5.389999866,0,0,0,305,1135,2383,5.39
7007744171,4/18/2016,Wednesday,14816,3.789999962,2.119999886,5.050000191,0.02,48,31,284,1077,2832,10.98
7007744171,4/19/2016,Thursday,14194,4.409999847,0.75999999,5.309999943,0,53,17,304,1066,2812,10.48
7007744171,4/20/2016,Friday,15566,4.789999962,0.670000017,5.860000134,0,60,33,347,1000,3096,11.32
7007744171,4/21/2016,Saturday,13744,2.150000095,1.870000005,5.170000076,0,30,34,327,1049,2763,9.19
7007744171,4/22/2016,Sunday,15299,4.099999905,1.75999999,4.369999886,0,64,50,261,1065,2889,10.23
7007744171,4/23/2016,Monday,8093,0.129999995,1.129999995,4.150000095,0,2,25,223,1190,2284,5.41
7007744171,4/24/2016,Tuesday,11085,0,0,7.420000076,0,0,0,419,1021,2667,7.42
7007744171,4/25/2016,Wednesday,18229,4.309999943,1.370000005,7.670000076,0,51,24,379,986,3055,13.35
7007744171,4/26/2016,Thursday,15090,0.930000007,0.939999998,8.229999542,0,16,22,424,978,2939,10.1
7007744171,4/27/2016,Friday,13541,4.269999981,0.660000026,5.289999962,0,50,12,337,1041,2830,10.22
7007744171,4/28/2016,Saturday,15128,1.090000033,0.769999981,8.260000229,0,16,16,401,1007,2836,10.12
7007744171,4/29/2016,Sunday,20067,4.309999943,2.049999952,7.949999809,0,55,42,382,961,3180,14.31
7007744171,4/30/2016,Monday,3761,0,0,2.519999981,0,0,0,200,1240,2051,2.52
7007744171,5/1/2016,Sunday,5600,0,0,3.75,0,0,0,237,1142,2225,3.75
7007744171,5/2/2016,Monday,13041,4.639999866,0.699999988,3.829999924,0,64,14,250,1112,2642,9.17
7007744171,5/3/2016,Tuesday,14510,4.480000019,1.019999981,5.360000134,0,58,31,330,1021,2976,10.86
7007744171,5/4/2016,Wednesday,0,0,0,0,0,0,0,0,1440,1557,0
7007744171,5/5/2016,Thursday,15010,4.329999924,1.289999962,5.480000019,0,53,23,317,1047,2933,11.1
7007744171,5/6/2016,Friday,11459,3,0.810000002,3.859999895,0,44,13,247,1136,2553,7.67
7007744171,5/7/2016,Saturday,0,0,0,0,0,0,0,0,111,120,0
7086361926,4/12/2016,Thursday,11317,5.269999981,0.150000006,2.970000029,0,59,6,153,745,2772,8.39
7086361926,4/13/2016,Friday,5813,0.560000002,0.209999993,2.839999914,0,31,26,155,744,2516,3.61
7086361926,4/14/2016,Saturday,9123,2.029999971,0.330000013,3.660000086,0,35,32,189,787,2734,6.02
7086361926,4/15/2016,Sunday,8585,2.039999962,1.110000014,2.529999971,0,30,21,139,864,2395,5.68
7086361926,4/16/2016,Monday,31,0,0,0.01,0,0,0,3,1437,1635,0.01
7086361926,4/17/2016,Tuesday,0,0,0,0,0,0,0,0,1440,1629,0
7086361926,4/18/2016,Wednesday,9827,3.170000076,1.220000029,2.309999943,0,61,51,114,1136,2743,6.7
7086361926,4/19/2016,Thursday,10688,3.529999971,1.230000019,2.50999999,0,67,69,124,671,2944,7.27
7086361926,4/20/2016,Friday,14365,7.639999866,0.449999988,2.539999962,0,87,13,145,797,2997,10.63
7086361926,4/21/2016,Saturday,9469,1.360000014,0.300000012,4.510000229,0,19,6,206,758,2463,6.17
7086361926,4/22/2016,Sunday,9753,2.869999886,0.970000029,2.670000076,0,58,59,153,762,2846,6.51
7086361926,4/23/2016,Monday,2817,0,0,1.799999952,0,0,0,90,1350,1965,1.8
7086361926,4/24/2016,Tuesday,3520,0,0,2.150000095,0,0,0,125,566,2049,2.15
7086361926,4/25/2016,Wednesday,10091,3.75,0.699999988,2.369999886,0,69,39,129,706,2752,6.82
7086361926,4/26/2016,Thursday,10387,4.159999847,0.769999981,2.119999886,0,70,33,132,726,2781,7.05
7086361926,4/27/2016,Friday,11107,5.630000114,0.180000007,2.529999971,0,55,6,145,829,2693,8.34
7086361926,4/28/2016,Saturday,11584,2.789999962,1.639999986,3.359999895,0,54,48,161,810,2862,7.79
7086361926,4/29/2016,Sunday,7881,0.49000001,0.449999988,4,0,24,36,182,1198,2616,4.94
7086361926,4/30/2016,Monday,14560,3.119999886,1.039999962,5.239999771,0,42,17,308,584,2995,9.4
7086361926,5/1/2016,Sunday,12390,2.299999952,0.899999976,4.849999905,0,30,15,258,685,2730,8.05
7086361926,5/2/2016,Monday,10052,3.480000019,0.660000026,2.660000086,0,66,26,139,737,2754,6.8
7086361926,5/3/2016,Tuesday,10288,2.74000001,0.850000024,3.160000086,0,57,36,152,761,2754,6.75
7086361926,5/4/2016,Wednesday,10988,5.28000021,0.119999997,2.900000095,0,45,12,135,843,2655,8.3
7086361926,5/5/2016,Thursday,8564,1.779999971,0.829999983,2.950000048,0,24,14,149,1253,2386,5.56
7086361926,5/6/2016,Friday,12461,3.819999933,1.429999948,3.119999886,0,84,35,154,834,2924,8.37
7086361926,5/7/2016,Saturday,12827,1.460000038,2.329999924,4.679999828,0,20,42,209,621,2739,8.47
7086361926,5/8/2016,Sunday,10677,2.309999943,1.529999971,3.25,0,32,27,147,695,2534,7.09
7086361926,5/9/2016,Monday,13566,4.260000229,1.710000038,3.119999886,0,67,50,171,743,2960,9.09
7086361926,5/10/2016,Tuesday,14433,7.110000134,1.200000048,2.450000048,0,72,23,106,1182,2800,10.76
7086361926,5/11/2016,Wednesday,9572,2.890000105,1.389999986,2.230000019,0,57,40,128,757,2735,6.51
7086361926,5/12/2016,Thursday,3789,0.379999995,0.270000011,1.889999986,0,5,4,58,343,1199,2.54
8053475328,4/12/2016,Thursday,18060,11.64000034,0.389999986,2.099999905,0,116,8,123,1193,3186,14.13
8053475328,4/13/2016,Friday,16433,10.43000031,0.469999999,2.450000048,0,95,12,156,1177,3140,13.35
8053475328,4/14/2016,Saturday,20159,12.34000015,0.209999993,3.359999895,0,119,5,193,1123,3411,15.91
8053475328,4/15/2016,Sunday,20669,13.26000023,0.389999986,2.589999914,0,132,8,158,1142,3410,16.24
8053475328,4/16/2016,Monday,14549,9.359999657,0.270000011,1.49000001,0,96,6,83,1255,2867,11.12
8053475328,4/17/2016,Tuesday,18827,9.239999771,0.800000012,3.640000105,0,111,21,195,1113,3213,13.68
8053475328,4/18/2016,Wednesday,17076,9.079999924,0.230000004,3.349999905,0,102,6,195,1137,3133,12.66
8053475328,4/19/2016,Thursday,15929,9.220000267,0.310000002,2.950000048,0,90,7,191,1152,3114,12.48
8053475328,4/20/2016,Friday,15108,9.579999924,0.230000004,2.380000114,0,89,5,158,695,3043,12.19
8053475328,4/21/2016,Saturday,16057,9.670000076,0.25,2.579999924,0,100,6,170,1164,3103,12.5
8053475328,4/22/2016,Sunday,10520,6.260000229,0.150000006,1.879999995,0,60,3,117,1260,2655,8.29
8053475328,4/23/2016,Monday,22359,12.53999996,0.629999995,4.019999981,0,125,14,223,741,3554,17.19
8053475328,4/24/2016,Tuesday,22988,13.13000011,1.549999952,3.25999999,0,129,33,182,1096,3577,17.94
8053475328,4/25/2016,Wednesday,20500,11.36999989,0.460000008,3.859999895,0,118,9,209,1104,3403,15.69
8053475328,4/26/2016,Thursday,12685,6.309999943,0.200000003,3.099999905,0,68,5,185,1182,2846,9.61
8053475328,4/27/2016,Friday,12422,6.460000038,0.430000007,2.930000067,0,60,10,183,1187,2852,9.82
8053475328,4/28/2016,Saturday,15447,9.670000076,0.389999986,2.349999905,0,90,9,153,1188,3062,12.41
8053475328,4/29/2016,Sunday,12315,6.170000076,0.310000002,3.170000076,0,58,8,159,1215,2794,9.65
8053475328,4/30/2016,Monday,7135,2.99000001,0.059999999,2.539999962,0,27,1,131,1281,2408,5.59
8053475328,5/1/2016,Sunday,1170,0,0,0.850000024,0,0,0,51,1389,1886,0.85
8053475328,5/2/2016,Monday,1969,0,0,1.429999948,0,0,0,95,1345,1988,1.43
8053475328,5/3/2016,Tuesday,15484,8.390000343,0.930000007,2.589999914,0,87,22,165,1166,3023,11.91
8053475328,5/4/2016,Wednesday,14581,8.819999695,0.400000006,1.909999967,0,89,8,123,1220,2918,11.13
8053475328,5/5/2016,Thursday,14990,8.850000381,0.449999988,2.210000038,0,93,9,130,1208,2950,11.51
8053475328,5/6/2016,Friday,13953,9.100000381,0.689999998,1.210000038,0,90,15,90,1245,2859,11
8053475328,5/7/2016,Saturday,19769,12.43999958,0.879999995,2.349999905,0,121,20,148,1076,3331,15.67
8053475328,5/8/2016,Sunday,22026,13.39999962,0.589999974,3.660000086,0,125,14,228,1073,3589,17.65
8053475328,5/9/2016,Monday,12465,6.119999886,0.569999993,2.690000057,0,66,12,148,1214,2765,9.38
8053475328,5/10/2016,Tuesday,14810,9.090000153,0.419999987,1.850000024,0,96,10,115,1219,2926,11.36
8053475328,5/11/2016,Wednesday,12209,6.079999924,0.280000001,3.039999962,0,60,7,184,1189,2809,9.4
8053475328,5/12/2016,Thursday,4998,2.950000048,0.200000003,0.75999999,0,28,4,39,839,1505,3.91
8253242879,4/12/2016,Thursday,9033,5.429999828,0.140000001,1.590000033,0,40,2,154,1244,2044,7.16
8253242879,4/13/2016,Friday,8053,4.170000076,0.629999995,1.309999943,0,35,11,96,1298,1935,6.11
8253242879,4/14/2016,Saturday,5234,1.929999948,0.99000001,0.540000021,0,29,16,33,1362,1705,3.46
8253242879,4/15/2016,Sunday,2672,0,0,1.75999999,0,0,0,105,1335,1632,1.76
8253242879,4/16/2016,Monday,9256,0.430000007,3.269999981,2.450000048,0,6,51,115,1268,1880,6.15
8253242879,4/17/2016,Tuesday,10204,5.429999828,0.150000006,2.329999924,0,41,5,157,1237,2112,7.91
8253242879,4/18/2016,Wednesday,5151,1.039999962,0.629999995,1.799999952,0,16,16,130,1278,1829,3.47
8253242879,4/19/2016,Thursday,4212,0,0,2.779999971,0,0,0,164,1276,1763,2.78
8253242879,4/20/2016,Friday,6466,0.330000013,0.819999993,3.109999895,0.01,5,18,216,1201,1931,4.27
8253242879,4/21/2016,Saturday,11268,5.880000114,0.930000007,1.75,0,49,20,172,1199,2218,8.56
8253242879,4/22/2016,Sunday,2824,0,0,1.870000005,0,0,0,120,1320,1651,1.87
8253242879,4/23/2016,Monday,9282,2.089999914,1.039999962,3.130000114,0,30,26,191,1193,2132,6.26
8253242879,4/24/2016,Tuesday,8905,5.599999905,0.189999998,1.340000033,0,41,4,82,1313,1976,7.13
8253242879,4/25/2016,Wednesday,6829,0.360000014,2.390000105,1.769999981,0,7,54,118,1261,1909,4.52
8253242879,4/26/2016,Thursday,4562,1.179999948,0.49000001,1.370000005,0,19,14,108,1299,1813,3.04
8253242879,4/27/2016,Friday,10232,6.239999771,0.230000004,1.700000048,0,45,5,104,1286,2008,8.17
8253242879,4/28/2016,Saturday,2718,0.670000017,0.779999971,0.340000004,0,11,16,20,1393,1580,1.79
8253242879,4/29/2016,Sunday,6260,1.289999962,0.540000021,2.400000095,0,16,14,136,1257,1854,4.23
8253242879,4/30/2016,Monday,0,0,0,0,0,0,0,0,1440,0,0
8378563200,4/12/2016,Thursday,7626,0.829999983,0.709999979,4.5,0,65,15,156,723,3635,6.04
8378563200,4/13/2016,Friday,12386,4.960000038,0.649999976,4.210000038,0,116,14,169,680,4079,9.82
8378563200,4/14/2016,Saturday,13318,5.619999886,1.029999971,3.910000086,0,123,21,174,699,4163,10.56
8378563200,4/15/2016,Sunday,14461,4.909999847,1.149999976,5.409999847,0,60,23,190,729,3666,11.47
8378563200,4/16/2016,Monday,11207,5.369999886,1.070000052,2.440000057,0,64,21,142,563,3363,8.88
8378563200,4/17/2016,Tuesday,2132,0,0,1.690000057,0,0,0,93,599,2572,1.69
8378563200,4/18/2016,Wednesday,13630,5.050000191,0.560000002,5.199999809,0,117,10,174,720,4157,10.81
8378563200,4/19/2016,Thursday,13070,5.300000191,0.879999995,4.179999828,0,120,19,154,737,4092,10.36
8378563200,4/20/2016,Friday,9388,2.230000019,0.439999998,4.78000021,0,82,8,169,763,3787,7.45
8378563200,4/21/2016,Saturday,15148,6.900000095,0.819999993,4.289999962,0,137,16,145,677,4236,12.01
8378563200,4/22/2016,Sunday,12200,4.909999847,0.589999974,4.179999828,0,113,12,159,769,4044,9.68
8378563200,4/23/2016,Monday,5709,1.519999981,0.519999981,2.480000019,0,19,10,136,740,2908,4.52
8378563200,4/24/2016,Tuesday,3703,0,0,2.940000057,0,0,0,135,734,2741,2.94
8378563200,4/25/2016,Wednesday,12405,5.050000191,0.870000005,3.920000076,0,117,16,141,692,4005,9.84
8378563200,4/26/2016,Thursday,16208,7.510000229,0.920000017,4.420000076,0,90,18,161,593,3763,12.85
8378563200,4/27/2016,Friday,7359,0.330000013,0.180000007,5.329999924,0,4,4,192,676,3061,5.84
8378563200,4/28/2016,Saturday,5417,0.899999976,0.49000001,2.910000086,0,11,10,139,711,2884,4.3
8378563200,4/29/2016,Sunday,6175,0.25,0.360000014,4.269999981,0,3,7,172,767,2982,4.88
8378563200,4/30/2016,Monday,2946,0,0,2.339999914,0,0,0,121,780,2660,2.34
8378563200,5/1/2016,Sunday,11419,6.03000021,0.560000002,2.470000029,0,71,10,127,669,3369,9.06
8378563200,5/2/2016,Monday,6064,0.629999995,0.170000002,4.010000229,0,63,4,142,802,3491,4.81
8378563200,5/3/2016,Tuesday,8712,1.340000033,1.059999943,4.5,0,71,20,195,822,3784,6.9
8378563200,5/4/2016,Wednesday,7875,1.559999943,0.49000001,4.199999809,0,19,10,167,680,3110,6.25
8378563200,5/5/2016,Thursday,8567,0.889999986,0.159999996,5.739999771,0,66,3,214,764,3783,6.79
8378563200,5/6/2016,Friday,7045,1.549999952,0.25,3.779999971,0,74,5,166,831,3644,5.58
8378563200,5/7/2016,Saturday,4468,0,0,3.539999962,0,0,0,158,851,2799,3.54
8378563200,5/8/2016,Sunday,2943,0,0,2.329999924,0,0,0,139,621,2685,2.33
8378563200,5/9/2016,Monday,8382,1.269999981,0.660000026,4.71999979,0,71,13,171,772,3721,6.65
8378563200,5/10/2016,Tuesday,6582,0.660000026,0.639999986,3.920000076,0,63,13,152,840,3586,5.22
8378563200,5/11/2016,Wednesday,9143,1.389999986,0.589999974,5.269999981,0,72,10,184,763,3788,7.25
8378563200,5/12/2016,Thursday,4561,0.649999976,0.270000011,2.690000057,0,8,6,102,433,1976,3.61
8583815059,4/12/2016,Thursday,5014,0,0.330000013,3.579999924,0,0,7,196,1237,2650,3.91
8583815059,4/13/2016,Friday,5571,0.150000006,0.970000029,3.230000019,0,2,23,163,1252,2654,4.35
8583815059,4/14/2016,Saturday,3135,0,0,2.430000067,0,0,0,134,1306,2443,2.43
8583815059,4/15/2016,Sunday,3430,0,0,0.899999976,0,0,0,65,1375,2505,0.9
8583815059,4/16/2016,Monday,5319,0,0,0,0,0,0,0,1440,2693,0
8583815059,4/17/2016,Tuesday,3008,0,0,0,0,0,0,0,1440,2439,0
8583815059,4/18/2016,Wednesday,3864,0.310000002,1.059999943,1.350000024,0,4,22,105,1309,2536,2.72
8583815059,4/19/2016,Thursday,5697,0.529999971,0.479999989,3.440000057,0,7,10,166,1257,2668,4.45
8583815059,4/20/2016,Friday,5273,0,1.039999962,3.069999933,0,0,27,167,1246,2647,4.11
8583815059,4/21/2016,Saturday,8538,2.630000114,1.019999981,3.00999999,0,35,18,158,1229,2883,6.66
8583815059,4/22/2016,Sunday,8687,0.289999992,2.410000086,4.079999924,0,4,54,212,1170,2944,6.78
8583815059,4/23/2016,Monday,9423,0.529999971,2.029999971,4.75,0,7,44,238,1151,3012,7.31
8583815059,4/24/2016,Tuesday,8286,0.150000006,2.049999952,4.269999981,0,2,44,206,1188,2889,6.47
8583815059,4/25/2016,Wednesday,4503,1.470000029,0.239999995,1.809999943,0,18,6,122,1294,2547,3.52
8583815059,4/26/2016,Thursday,10499,0.07,4.21999979,3.890000105,0,1,91,214,1134,3093,8.18
8583815059,4/27/2016,Friday,12474,6.599999905,0.270000011,2.869999886,0,77,5,129,1229,3142,9.74
8583815059,4/28/2016,Saturday,6174,0,1.200000048,3.609999895,0,0,28,203,1209,2757,4.81
8583815059,4/29/2016,Sunday,15168,3.900000095,3,4.920000076,0,46,67,258,1069,3513,11.82
8583815059,4/30/2016,Monday,10085,0.150000006,1.279999971,6.429999828,0,2,28,317,1093,3164,7.86
8583815059,5/1/2016,Sunday,4512,0.779999971,0.119999997,2.039999962,0,10,2,117,1311,2596,2.94
8583815059,5/2/2016,Monday,8469,0,0,0,0,0,0,0,1440,2894,0
8583815059,5/3/2016,Tuesday,12015,0,0,0,0,0,0,0,1440,3212,0
8583815059,5/4/2016,Wednesday,3588,0,0,0,0,0,0,0,1440,2516,0
8583815059,5/5/2016,Thursday,12427,0,0,1.179999948,0,0,0,70,1370,3266,1.18
8583815059,5/6/2016,Friday,5843,0.140000001,1.190000057,3.230000019,0,2,22,166,1250,2683,4.56
8583815059,5/7/2016,Saturday,6117,0,0,4.769999981,0,0,0,250,1190,2810,4.77
8583815059,5/8/2016,Sunday,9217,0.219999999,3.309999943,3.660000086,0,3,72,182,1183,2940,7.19
8583815059,5/9/2016,Monday,9877,5.760000229,0.170000002,1.730000019,0,66,4,110,1260,2947,7.66
8583815059,5/10/2016,Tuesday,8240,0.689999998,2.00999999,3.720000029,0,9,43,162,1226,2846,6.42
8583815059,5/11/2016,Wednesday,8701,0.370000005,3.24000001,3.170000076,0,5,71,177,1106,2804,6.78
8583815059,5/12/2016,Thursday,0,0,0,0,0,0,0,0,1440,0,0
8792009665,4/12/2016,Thursday,2564,0,0,1.639999986,0,0,0,116,831,2044,1.64
8792009665,4/13/2016,Friday,1320,0,0,0.839999974,0,0,0,82,806,1934,0.84
8792009665,4/14/2016,Saturday,1219,0,0,0.779999971,0,0,0,84,853,1963,0.78
8792009665,4/15/2016,Sunday,2483,0,0,1.590000033,0,0,0,126,937,2009,1.59
8792009665,4/16/2016,Monday,244,0,0,0.159999996,0,0,0,12,1428,1721,0.16
8792009665,4/17/2016,Tuesday,0,0,0,0,0,0,0,0,1440,1688,0
8792009665,4/18/2016,Wednesday,0,0,0,0,0,0,0,0,1440,1688,0
8792009665,4/19/2016,Thursday,0,0,0,0,0,0,0,0,1440,1688,0
8792009665,4/20/2016,Friday,3147,0,0.280000001,1.74000001,0,0,10,139,744,2188,2.02
8792009665,4/21/2016,Saturday,144,0,0,0.090000004,0,0,0,9,1431,1720,0.09
8792009665,4/22/2016,Sunday,4068,0.050000001,0.280000001,2.269999981,0,1,20,195,817,2419,2.6
8792009665,4/23/2016,Monday,5245,0.159999996,0.439999998,2.75,0,8,45,232,795,2748,3.35
8792009665,4/24/2016,Tuesday,400,0.039999999,0.050000001,0.159999996,0,3,8,19,1410,1799,0.25
8792009665,4/25/2016,Wednesday,0,0,0,0,0,0,0,0,1440,1688,0
8792009665,4/26/2016,Thursday,1321,0,0,0.850000024,0,0,0,80,1360,1928,0.85
8792009665,4/27/2016,Friday,1758,0,0,1.129999995,0,0,0,112,900,2067,1.13
8792009665,4/28/2016,Saturday,6157,0,0,3.940000057,0,0,0,310,714,2780,3.94
8792009665,4/29/2016,Sunday,8360,0.140000001,0.280000001,4.929999828,0,6,14,380,634,3101,5.35
8792009665,4/30/2016,Monday,7174,0.330000013,0.360000014,3.910000086,0,10,20,301,749,2896,4.6
8792009665,5/1/2016,Sunday,1619,0,0,1.039999962,0,0,0,79,834,1962,1.04
8792009665,5/2/2016,Monday,1831,0,0,1.169999957,0,0,0,101,916,2015,1.17
8792009665,5/3/2016,Tuesday,2421,0,0,1.549999952,0,0,0,156,739,2297,1.55
8792009665,5/4/2016,Wednesday,2283,0,0,1.460000038,0,0,0,129,848,2067,1.46
8792009665,5/5/2016,Thursday,0,0,0,0,0,0,0,0,1440,1688,0
8792009665,5/6/2016,Friday,0,0,0,0,0,0,0,0,1440,1688,0
8792009665,5/7/2016,Saturday,0,0,0,0,0,0,0,0,1440,1688,0
8792009665,5/8/2016,Sunday,0,0,0,0,0,0,0,0,1440,1688,0
8792009665,5/9/2016,Monday,0,0,0,0,0,0,0,0,1440,1688,0
8792009665,5/10/2016,Tuesday,0,0,0,0,0,0,0,0,48,57,0
8877689391,4/12/2016,Thursday,23186,12.22000027,0.340000004,7.820000172,0,85,7,312,1036,3921,20.38
8877689391,4/13/2016,Friday,15337,3.549999952,0.379999995,5.639999866,0,108,18,216,1098,3566,9.57
8877689391,4/14/2016,Saturday,21129,10.55000019,0.589999974,7.75,0.02,68,13,298,1061,3793,18.91
8877689391,4/15/2016,Sunday,13422,0.050000001,0.050000001,7.010000229,0.01,106,1,281,1052,3934,7.12
8877689391,4/16/2016,Monday,29326,13.23999977,1.210000038,10.71000004,0,94,29,429,888,4547,25.16
8877689391,4/17/2016,Tuesday,15118,0,0.07,8.789999962,0,58,15,307,1060,3545,8.86
8877689391,4/18/2016,Wednesday,11423,2.440000057,0.270000011,5.940000057,0,29,5,191,1215,2761,8.65
8877689391,4/19/2016,Thursday,18785,12.14999962,0.180000007,5.03000021,0,82,13,214,1131,3676,17.36
8877689391,4/20/2016,Friday,19948,11.02000046,0.689999998,6.340000153,0,73,19,225,1123,3679,18.05
8877689391,4/21/2016,Saturday,19377,12.28999996,0.419999987,4.889999866,0,82,13,226,1119,3659,17.6
8877689391,4/22/2016,Sunday,18258,10.22999954,0.029999999,5.96999979,0.050000001,61,2,236,1141,3427,16.28
8877689391,4/23/2016,Monday,11200,0,0,7.400000095,0.01,102,6,300,1032,3891,7.41
8877689391,4/24/2016,Tuesday,16674,11.01000023,0.01,4.690000057,0,64,1,227,1148,3455,15.71
8877689391,4/25/2016,Wednesday,12986,2.369999886,0.07,6.269999981,0.01,113,8,218,1101,3802,8.72
8877689391,4/26/2016,Thursday,11101,1.75999999,0.129999995,6.5,0,22,3,258,1157,2860,8.39
8877689391,4/27/2016,Friday,23629,13.06999969,0.439999998,7.099999905,0,93,8,235,1104,3808,20.61
8877689391,4/28/2016,Saturday,14890,4.929999828,0.379999995,5.96999979,0,58,8,231,1143,3060,11.28
8877689391,4/29/2016,Sunday,9733,1.379999995,0.170000002,5.789999962,0,18,5,210,1207,2698,7.34
8877689391,4/30/2016,Monday,27745,21.65999985,0.079999998,4.929999828,0,124,4,223,1089,4398,26.67
8877689391,5/1/2016,Sunday,10930,3.130000114,0.569999993,4.570000172,0,36,12,166,1226,2786,8.27
8877689391,5/2/2016,Monday,4790,0,0,3.559999943,0,0,0,105,1335,2189,3.56
8877689391,5/3/2016,Tuesday,10818,1.389999986,0.100000001,6.670000076,0.01,19,3,229,1189,2817,8.17
8877689391,5/4/2016,Wednesday,18193,10.42000008,0.310000002,5.53000021,0,66,8,212,1154,3477,16.26
8877689391,5/5/2016,Thursday,14055,5.460000038,0.819999993,4.369999886,0,67,15,188,1170,3052,10.65
8877689391,5/6/2016,Friday,21727,12.78999996,0.289999992,6.159999847,0,96,17,232,1095,4015,19.24
8877689391,5/7/2016,Saturday,12332,0.079999998,0.959999979,6.989999771,0,105,28,271,1036,4142,8.03
8877689391,5/8/2016,Sunday,10686,1.080000043,0.200000003,6.800000191,0,17,4,245,1174,2847,8.08
8877689391,5/9/2016,Monday,20226,11.10000038,0.800000012,6.239999771,0.050000001,73,19,217,1131,3710,18.19
8877689391,5/10/2016,Tuesday,10733,1.350000024,0.460000008,6.28000021,0,18,11,224,1187,2832,8.09
8877689391,5/11/2016,Wednesday,21420,13.22000027,0.409999996,5.889999866,0,88,12,213,1127,3832,19.52
8877689391,5/12/2016,Thursday,8064,1.820000052,0.039999999,4.25,0,23,1,137,770,1849,6.11
